episode,reward
1,13.0
2,31.0
3,9.0
4,35.0
5,19.0
6,17.0
7,13.0
8,31.0
9,28.0
10,12.0
11,32.0
12,25.0
13,12.0
14,18.0
15,26.0
16,15.0
17,19.0
18,22.0
19,41.0
20,48.0
21,10.0
22,22.0
23,25.0
24,25.0
25,26.0
26,37.0
27,22.0
28,12.0
29,24.0
30,10.0
31,16.0
32,57.0
33,20.0
34,34.0
35,36.0
36,18.0
37,13.0
38,13.0
39,64.0
40,15.0
41,17.0
42,13.0
43,11.0
44,27.0
45,27.0
46,19.0
47,18.0
48,17.0
49,17.0
50,26.0
51,9.0
52,11.0
53,18.0
54,42.0
55,28.0
56,19.0
57,24.0
58,15.0
59,17.0
60,26.0
61,36.0
62,10.0
63,39.0
64,29.0
65,17.0
66,22.0
67,20.0
68,60.0
69,17.0
70,12.0
71,11.0
72,29.0
73,33.0
74,13.0
75,15.0
76,16.0
77,24.0
78,20.0
79,47.0
80,11.0
81,39.0
82,29.0
83,14.0
84,21.0
85,21.0
86,19.0
87,24.0
88,50.0
89,63.0
90,17.0
91,9.0
92,82.0
93,28.0
94,18.0
95,22.0
96,84.0
97,16.0
98,66.0
99,16.0
100,64.0
101,20.0
102,90.0
103,81.0
104,25.0
105,44.0
106,64.0
107,72.0
108,27.0
109,47.0
110,29.0
111,19.0
112,136.0
113,33.0
114,30.0
115,66.0
116,79.0
117,27.0
118,190.0
119,60.0
120,53.0
121,76.0
122,16.0
123,43.0
124,50.0
125,239.0
126,153.0
127,103.0
128,218.0
129,194.0
130,196.0
131,232.0
132,129.0
133,180.0
134,201.0
135,209.0
136,315.0
137,181.0
138,236.0
139,177.0
140,288.0
141,162.0
142,277.0
143,187.0
144,157.0
145,151.0
146,306.0
147,228.0
148,172.0
149,183.0
150,147.0
151,210.0
152,160.0
153,172.0
154,207.0
155,161.0
156,205.0
157,195.0
158,202.0
159,203.0
160,202.0
161,178.0
162,250.0
163,222.0
164,175.0
165,176.0
166,144.0
167,156.0
168,159.0
169,167.0
170,192.0
171,167.0
172,234.0
173,180.0
174,161.0
175,192.0
176,193.0
177,188.0
178,218.0
179,184.0
180,197.0
181,186.0
182,165.0
183,204.0
184,184.0
185,184.0
186,184.0
187,193.0
188,233.0
189,443.0
190,223.0
191,208.0
192,194.0
193,192.0
194,201.0
195,281.0
196,293.0
197,430.0
198,210.0
199,239.0
200,382.0
201,439.0
202,500.0
203,253.0
204,296.0
205,178.0
206,194.0
207,190.0
208,284.0
209,500.0
210,500.0
211,500.0
212,500.0
213,500.0
214,500.0
215,273.0
216,286.0
217,232.0
218,263.0
219,198.0
220,212.0
221,254.0
222,184.0
223,190.0
224,210.0
225,256.0
226,185.0
227,173.0
228,210.0
229,407.0
230,259.0
231,197.0
232,230.0
233,194.0
234,197.0
235,199.0
236,192.0
237,192.0
238,188.0
239,210.0
240,187.0
241,200.0
242,203.0
243,206.0
244,200.0
245,192.0
246,202.0
247,216.0
248,203.0
249,192.0
250,194.0
251,192.0
252,198.0
253,197.0
254,217.0
255,208.0
256,261.0
257,190.0
258,221.0
259,229.0
260,242.0
261,224.0
262,217.0
263,246.0
264,294.0
265,288.0
266,276.0
267,260.0
268,245.0
269,306.0
270,359.0
271,362.0
272,324.0
273,262.0
274,259.0
275,301.0
276,297.0
277,298.0
278,500.0
279,443.0
280,322.0
281,379.0
282,500.0
283,500.0
284,500.0
285,98.0
286,367.0
287,443.0
288,252.0
289,194.0
290,311.0
291,500.0
292,500.0
293,500.0
294,500.0
295,500.0
296,500.0
297,500.0
298,500.0
299,500.0
300,461.0
301,122.0
302,209.0
303,114.0
304,190.0
305,500.0
306,500.0
307,271.0
308,498.0
309,500.0
310,500.0
311,132.0
312,120.0
313,278.0
314,243.0
315,242.0
316,17.0
317,15.0
318,16.0
319,14.0
320,16.0
321,26.0
322,17.0
323,496.0
324,492.0
325,500.0
326,364.0
327,179.0
328,500.0
329,500.0
330,500.0
331,500.0
332,500.0
333,500.0
334,500.0
335,500.0
336,500.0
337,500.0
338,500.0
339,500.0
340,500.0
341,500.0
342,500.0
343,500.0
344,500.0
345,500.0
346,500.0
347,500.0
348,500.0
349,500.0
350,500.0
351,500.0
352,500.0
353,500.0
354,500.0
355,500.0
356,500.0
357,500.0
358,500.0
359,500.0
360,500.0
361,500.0
362,431.0
363,24.0
364,154.0
365,131.0
366,211.0
367,202.0
368,118.0
369,132.0
370,135.0
371,172.0
372,223.0
373,226.0
374,221.0
375,202.0
376,35.0
377,373.0
378,180.0
379,200.0
380,374.0
381,247.0
382,375.0
383,500.0
384,276.0
385,461.0
386,500.0
387,500.0
388,500.0
389,500.0
390,500.0
391,419.0
392,500.0
393,500.0
394,500.0
395,500.0
396,500.0
397,500.0
398,500.0
399,500.0
400,500.0
401,500.0
402,294.0
403,500.0
404,500.0
405,500.0
406,500.0
407,500.0
408,500.0
409,157.0
410,157.0
411,258.0
412,500.0
413,500.0
414,500.0
415,500.0
416,500.0
417,500.0
418,500.0
419,500.0
420,500.0
421,500.0
422,500.0
423,176.0
424,500.0
425,111.0
426,99.0
427,156.0
428,500.0
429,199.0
430,206.0
431,500.0
432,163.0
433,132.0
434,141.0
435,118.0
436,158.0
437,223.0
438,221.0
439,157.0
440,17.0
441,140.0
442,149.0
443,164.0
444,166.0
445,193.0
446,291.0
447,493.0
448,167.0
449,186.0
450,500.0
451,152.0
452,171.0
453,217.0
454,190.0
455,213.0
456,500.0
457,235.0
458,500.0
459,500.0
460,500.0
461,500.0
462,500.0
463,500.0
464,500.0
465,500.0
466,500.0
467,500.0
468,500.0
469,500.0
470,500.0
471,500.0
472,500.0
473,500.0
474,500.0
475,500.0
476,500.0
477,500.0
478,500.0
479,500.0
480,500.0
481,500.0
482,500.0
483,500.0
484,500.0
485,500.0
486,500.0
487,500.0
488,319.0
489,298.0
490,377.0
491,299.0
492,483.0
493,500.0
494,500.0
495,500.0
496,500.0
497,500.0
498,253.0
499,270.0
500,312.0
501,319.0
502,500.0
503,356.0
504,500.0
505,500.0
506,290.0
507,500.0
508,344.0
509,326.0
510,255.0
511,323.0
512,500.0
513,500.0
514,500.0
515,492.0
516,18.0
517,16.0
518,38.0
519,118.0
520,13.0
521,13.0
522,37.0
523,24.0
524,500.0
525,500.0
526,500.0
527,500.0
528,266.0
529,475.0
530,135.0
531,117.0
532,121.0
533,128.0
534,157.0
535,202.0
536,189.0
537,293.0
538,159.0
539,348.0
540,333.0
541,263.0
542,279.0
543,319.0
544,349.0
545,500.0
546,500.0
547,316.0
548,291.0
549,288.0
550,500.0
551,500.0
552,439.0
553,500.0
554,443.0
555,500.0
556,368.0
557,334.0
558,328.0
559,279.0
560,382.0
561,500.0
562,500.0
563,328.0
564,365.0
565,500.0
566,461.0
567,500.0
568,420.0
569,404.0
570,500.0
571,500.0
572,472.0
573,468.0
574,500.0
575,500.0
576,500.0
577,500.0
578,500.0
579,500.0
580,500.0
581,500.0
582,500.0
583,500.0
584,500.0
585,500.0
586,500.0
587,487.0
588,108.0
589,126.0
590,121.0
591,154.0
592,121.0
593,120.0
594,139.0
595,135.0
596,137.0
597,179.0
598,155.0
599,176.0
600,167.0
601,151.0
602,156.0
603,149.0
604,155.0
605,179.0
606,205.0
607,179.0
608,165.0
609,181.0
610,171.0
611,179.0
612,181.0
613,170.0
614,174.0
615,195.0
616,178.0
617,179.0
618,186.0
619,191.0
620,204.0
621,198.0
622,245.0
623,213.0
624,201.0
625,182.0
626,187.0
627,182.0
628,173.0
629,171.0
630,182.0
631,166.0
632,181.0
633,175.0
634,162.0
635,172.0
636,176.0
637,170.0
638,190.0
639,220.0
640,218.0
641,306.0
642,408.0
643,324.0
644,308.0
645,500.0
646,500.0
647,500.0
648,500.0
649,500.0
650,500.0
651,500.0
652,500.0
653,500.0
654,500.0
655,500.0
656,500.0
657,500.0
658,500.0
659,500.0
660,500.0
661,500.0
662,500.0
663,500.0
664,500.0
665,500.0
666,500.0
667,500.0
668,192.0
669,410.0
670,391.0
671,500.0
672,500.0
673,500.0
674,500.0
675,500.0
676,398.0
677,393.0
678,311.0
679,279.0
680,344.0
681,306.0
682,298.0
683,252.0
684,289.0
685,295.0
686,270.0
687,246.0
688,266.0
689,297.0
690,326.0
691,365.0
692,381.0
693,382.0
694,500.0
695,500.0
696,500.0
697,219.0
698,197.0
699,247.0
700,170.0
701,351.0
702,478.0
703,425.0
704,377.0
705,500.0
706,500.0
707,478.0
708,500.0
709,500.0
710,500.0
711,500.0
712,220.0
713,500.0
714,309.0
715,262.0
716,500.0
717,500.0
718,357.0
719,254.0
720,291.0
721,254.0
722,301.0
723,210.0
724,189.0
725,175.0
726,170.0
727,180.0
728,203.0
729,172.0
730,174.0
731,186.0
732,245.0
733,329.0
734,331.0
735,200.0
736,220.0
737,500.0
738,469.0
739,500.0
740,500.0
741,212.0
742,500.0
743,177.0
744,181.0
745,145.0
746,181.0
747,248.0
748,410.0
749,404.0
750,192.0
751,206.0
752,500.0
753,500.0
754,500.0
755,500.0
756,500.0
757,500.0
758,500.0
759,500.0
760,500.0
761,500.0
762,500.0
763,107.0
764,183.0
765,500.0
766,127.0
767,119.0
768,111.0
769,141.0
770,500.0
771,139.0
772,146.0
773,126.0
774,155.0
775,199.0
776,213.0
777,500.0
778,474.0
779,500.0
780,500.0
781,500.0
782,500.0
783,500.0
784,500.0
785,500.0
786,500.0
787,500.0
788,500.0
789,500.0
790,500.0
791,204.0
792,217.0
793,500.0
794,500.0
795,500.0
796,360.0
797,500.0
798,365.0
799,500.0
800,500.0
801,500.0
802,500.0
803,500.0
804,500.0
805,500.0
806,500.0
807,500.0
808,500.0
809,307.0
810,335.0
811,500.0
812,171.0
813,500.0
814,500.0
815,500.0
816,500.0
817,500.0
818,500.0
819,294.0
820,457.0
821,500.0
822,500.0
823,337.0
824,335.0
825,500.0
826,500.0
827,500.0
828,347.0
829,247.0
830,417.0
831,261.0
832,500.0
833,500.0
834,500.0
835,500.0
836,308.0
837,500.0
838,307.0
839,205.0
840,224.0
841,271.0
842,234.0
843,271.0
844,196.0
845,275.0
846,247.0
847,319.0
848,12.0
849,13.0
850,13.0
851,13.0
852,16.0
853,14.0
854,16.0
855,23.0
856,17.0
857,15.0
858,18.0
859,17.0
860,13.0
861,22.0
862,19.0
863,17.0
864,18.0
865,12.0
866,21.0
867,10.0
868,15.0
869,33.0
870,15.0
871,14.0
872,14.0
873,15.0
874,18.0
875,201.0
876,72.0
877,73.0
878,65.0
879,98.0
880,105.0
881,500.0
882,500.0
883,404.0
884,500.0
885,300.0
886,312.0
887,309.0
888,500.0
889,354.0
890,375.0
891,500.0
892,493.0
893,500.0
894,500.0
895,500.0
896,500.0
897,212.0
898,362.0
899,166.0
900,149.0
901,157.0
902,177.0
903,154.0
904,155.0
905,142.0
906,151.0
907,164.0
908,88.0
909,164.0
910,173.0
911,103.0
912,133.0
913,189.0
914,500.0
915,162.0
916,500.0
917,247.0
918,263.0
919,178.0
920,181.0
921,202.0
922,209.0
923,136.0
924,208.0
925,188.0
926,162.0
927,170.0
928,169.0
929,166.0
930,177.0
931,203.0
932,500.0
933,208.0
934,261.0
935,268.0
936,500.0
937,500.0
938,332.0
939,500.0
940,205.0
941,500.0
942,500.0
943,500.0
944,500.0
945,500.0
946,500.0
947,500.0
948,500.0
949,500.0
950,260.0
951,500.0
952,500.0
953,500.0
954,500.0
955,500.0
956,500.0
957,500.0
958,500.0
959,500.0
960,500.0
961,500.0
962,500.0
963,85.0
964,77.0
965,500.0
966,124.0
967,143.0
968,97.0
969,126.0
970,500.0
971,500.0
972,500.0
973,500.0
974,151.0
975,500.0
976,500.0
977,500.0
978,289.0
979,106.0
980,108.0
981,127.0
982,134.0
983,171.0
984,182.0
985,500.0
986,500.0
987,304.0
988,500.0
989,500.0
990,500.0
991,500.0
992,500.0
993,500.0
994,500.0
995,500.0
996,500.0
997,500.0
998,500.0
999,500.0
1000,432.0
1001,500.0
1002,500.0
1003,500.0
1004,500.0
1005,500.0
1006,190.0
1007,213.0
1008,500.0
1009,117.0
1010,109.0
1011,108.0
1012,123.0
1013,500.0
1014,500.0
1015,500.0
1016,500.0
1017,185.0
1018,226.0
1019,172.0
1020,195.0
1021,164.0
1022,181.0
1023,212.0
1024,500.0
1025,500.0
1026,500.0
1027,500.0
1028,500.0
1029,500.0
1030,500.0
1031,500.0
1032,500.0
1033,500.0
1034,500.0
1035,500.0
1036,500.0
1037,500.0
1038,500.0
1039,500.0
1040,500.0
1041,500.0
1042,500.0
1043,500.0
1044,500.0
1045,105.0
1046,459.0
1047,219.0
1048,174.0
1049,167.0
1050,142.0
1051,500.0
1052,224.0
1053,500.0
1054,500.0
1055,500.0
1056,208.0
1057,500.0
1058,225.0
1059,500.0
1060,500.0
1061,500.0
1062,500.0
1063,500.0
1064,314.0
1065,500.0
1066,500.0
1067,500.0
1068,500.0
1069,500.0
1070,500.0
1071,500.0
1072,500.0
1073,500.0
1074,500.0
1075,500.0
1076,500.0
1077,340.0
1078,323.0
1079,110.0
1080,110.0
1081,106.0
1082,113.0
1083,107.0
1084,118.0
1085,191.0
1086,107.0
1087,115.0
1088,255.0
1089,110.0
1090,425.0
1091,100.0
1092,133.0
1093,51.0
1094,79.0
1095,116.0
1096,119.0
1097,71.0
1098,252.0
1099,157.0
1100,334.0
1101,388.0
1102,500.0
1103,500.0
1104,293.0
1105,500.0
1106,500.0
1107,500.0
1108,346.0
1109,402.0
1110,500.0
1111,500.0
1112,500.0
1113,500.0
1114,500.0
1115,500.0
1116,500.0
1117,500.0
1118,500.0
1119,500.0
1120,500.0
1121,500.0
1122,500.0
1123,500.0
1124,500.0
1125,316.0
1126,144.0
1127,144.0
1128,129.0
1129,116.0
1130,128.0
1131,123.0
1132,25.0
1133,25.0
1134,112.0
1135,22.0
1136,19.0
1137,20.0
1138,20.0
1139,20.0
1140,15.0
1141,14.0
1142,17.0
1143,14.0
1144,13.0
1145,17.0
1146,15.0
1147,15.0
1148,16.0
1149,15.0
1150,18.0
1151,16.0
1152,14.0
1153,10.0
1154,12.0
1155,12.0
1156,15.0
1157,18.0
1158,14.0
1159,16.0
1160,15.0
1161,13.0
1162,169.0
1163,500.0
1164,257.0
1165,231.0
1166,217.0
1167,296.0
1168,500.0
1169,500.0
1170,500.0
1171,500.0
1172,216.0
1173,500.0
1174,500.0
1175,500.0
1176,500.0
1177,500.0
1178,500.0
1179,500.0
1180,500.0
1181,500.0
1182,500.0
1183,500.0
1184,500.0
1185,500.0
1186,500.0
1187,500.0
1188,500.0
1189,414.0
1190,500.0
1191,500.0
1192,500.0
1193,500.0
1194,419.0
1195,500.0
1196,500.0
1197,500.0
1198,500.0
1199,500.0
1200,500.0
1201,500.0
1202,430.0
1203,320.0
1204,367.0
1205,500.0
1206,500.0
1207,500.0
1208,500.0
1209,500.0
1210,500.0
1211,500.0
1212,500.0
1213,500.0
1214,500.0
1215,500.0
1216,500.0
1217,321.0
1218,230.0
1219,245.0
1220,171.0
1221,272.0
1222,250.0
1223,251.0
1224,204.0
1225,207.0
1226,500.0
1227,500.0
1228,500.0
1229,11.0
1230,11.0
1231,9.0
1232,9.0
1233,10.0
1234,9.0
1235,11.0
1236,10.0
1237,10.0
1238,11.0
1239,11.0
1240,10.0
1241,10.0
1242,11.0
1243,12.0
1244,17.0
1245,12.0
1246,11.0
1247,13.0
1248,11.0
1249,13.0
1250,13.0
1251,15.0
1252,14.0
1253,15.0
1254,12.0
1255,17.0
1256,38.0
1257,500.0
1258,500.0
1259,500.0
1260,500.0
1261,500.0
1262,500.0
1263,500.0
1264,500.0
1265,443.0
1266,77.0
1267,75.0
1268,100.0
1269,500.0
1270,500.0
1271,500.0
1272,500.0
1273,500.0
1274,500.0
1275,500.0
1276,500.0
1277,500.0
1278,500.0
1279,500.0
1280,500.0
1281,500.0
1282,500.0
1283,500.0
1284,500.0
1285,500.0
1286,500.0
1287,500.0
1288,500.0
1289,305.0
1290,270.0
1291,500.0
1292,115.0
1293,187.0
1294,171.0
1295,154.0
1296,142.0
1297,145.0
1298,500.0
1299,239.0
1300,162.0
1301,70.0
1302,132.0
1303,500.0
1304,120.0
1305,104.0
1306,24.0
1307,23.0
1308,53.0
1309,192.0
1310,198.0
1311,500.0
1312,500.0
1313,500.0
1314,500.0
1315,500.0
1316,228.0
1317,500.0
1318,288.0
1319,132.0
1320,159.0
1321,264.0
1322,127.0
1323,207.0
1324,134.0
1325,120.0
1326,106.0
1327,96.0
1328,87.0
1329,129.0
1330,98.0
1331,162.0
1332,181.0
1333,209.0
1334,500.0
1335,172.0
1336,200.0
1337,193.0
1338,173.0
1339,194.0
1340,169.0
1341,167.0
1342,163.0
1343,155.0
1344,188.0
1345,141.0
1346,146.0
1347,139.0
1348,343.0
1349,175.0
1350,90.0
1351,496.0
1352,192.0
1353,134.0
1354,129.0
1355,186.0
1356,179.0
1357,164.0
1358,167.0
1359,140.0
1360,159.0
1361,173.0
1362,395.0
1363,139.0
1364,142.0
1365,178.0
1366,166.0
1367,158.0
1368,169.0
1369,189.0
1370,155.0
1371,141.0
1372,142.0
1373,153.0
1374,156.0
1375,177.0
1376,212.0
1377,164.0
1378,163.0
1379,152.0
1380,148.0
1381,171.0
1382,151.0
1383,136.0
1384,168.0
1385,158.0
1386,163.0
1387,155.0
1388,154.0
1389,167.0
1390,159.0
1391,152.0
1392,165.0
1393,151.0
1394,160.0
1395,157.0
1396,164.0
1397,173.0
1398,157.0
1399,156.0
1400,167.0
1401,222.0
1402,233.0
1403,191.0
1404,185.0
1405,220.0
1406,210.0
1407,238.0
1408,500.0
1409,47.0
1410,500.0
1411,181.0
1412,163.0
1413,45.0
1414,53.0
1415,68.0
1416,58.0
1417,68.0
1418,58.0
1419,195.0
1420,75.0
1421,65.0
1422,65.0
1423,69.0
1424,71.0
1425,63.0
1426,267.0
1427,260.0
1428,403.0
1429,500.0
1430,500.0
1431,197.0
1432,417.0
1433,313.0
1434,307.0
1435,357.0
1436,258.0
1437,253.0
1438,267.0
1439,312.0
1440,372.0
1441,305.0
1442,266.0
1443,268.0
1444,216.0
1445,176.0
1446,188.0
1447,222.0
1448,253.0
1449,307.0
1450,245.0
1451,288.0
1452,255.0
1453,252.0
1454,224.0
1455,204.0
1456,188.0
1457,223.0
1458,282.0
1459,242.0
1460,253.0
1461,284.0
1462,276.0
1463,256.0
1464,284.0
1465,257.0
1466,253.0
1467,287.0
1468,252.0
1469,217.0
1470,296.0
1471,225.0
1472,207.0
1473,158.0
1474,212.0
1475,192.0
1476,190.0
1477,250.0
1478,215.0
1479,262.0
1480,175.0
1481,234.0
1482,217.0
1483,219.0
1484,301.0
1485,500.0
1486,489.0
1487,325.0
1488,254.0
1489,500.0
1490,500.0
1491,500.0
1492,500.0
1493,500.0
1494,500.0
1495,445.0
1496,339.0
1497,259.0
1498,500.0
1499,500.0
1500,500.0
1501,500.0
1502,500.0
1503,500.0
1504,500.0
1505,500.0
1506,500.0
1507,500.0
1508,292.0
1509,165.0
1510,235.0
1511,500.0
1512,500.0
1513,446.0
1514,500.0
1515,500.0
1516,500.0
1517,500.0
1518,500.0
1519,474.0
1520,500.0
1521,500.0
1522,500.0
1523,500.0
1524,500.0
1525,500.0
1526,500.0
1527,500.0
1528,500.0
1529,500.0
1530,235.0
1531,428.0
1532,500.0
1533,189.0
1534,500.0
1535,150.0
1536,149.0
1537,500.0
1538,370.0
1539,311.0
1540,142.0
1541,140.0
1542,337.0
1543,225.0
1544,137.0
1545,117.0
1546,322.0
1547,500.0
1548,357.0
1549,500.0
1550,364.0
1551,130.0
1552,124.0
1553,142.0
1554,123.0
1555,120.0
1556,132.0
1557,129.0
1558,133.0
1559,131.0
1560,144.0
1561,142.0
1562,147.0
1563,150.0
1564,149.0
1565,156.0
1566,161.0
1567,173.0
1568,187.0
1569,196.0
1570,187.0
1571,183.0
1572,186.0
1573,202.0
1574,228.0
1575,273.0
1576,263.0
1577,243.0
1578,268.0
1579,265.0
1580,500.0
1581,500.0
1582,500.0
1583,500.0
1584,500.0
1585,121.0
1586,158.0
1587,31.0
1588,500.0
1589,500.0
1590,500.0
1591,16.0
1592,500.0
1593,500.0
1594,500.0
1595,500.0
1596,500.0
1597,500.0
1598,500.0
1599,500.0
1600,500.0
1601,500.0
1602,500.0
1603,500.0
1604,500.0
1605,366.0
1606,500.0
1607,500.0
1608,500.0
1609,500.0
1610,396.0
1611,175.0
1612,175.0
1613,124.0
1614,114.0
1615,108.0
1616,105.0
1617,102.0
1618,107.0
1619,98.0
1620,92.0
1621,105.0
1622,106.0
1623,107.0
1624,111.0
1625,106.0
1626,107.0
1627,106.0
1628,111.0
1629,119.0
1630,122.0
1631,120.0
1632,115.0
1633,110.0
1634,116.0
1635,119.0
1636,102.0
1637,108.0
1638,117.0
1639,111.0
1640,116.0
1641,121.0
1642,128.0
1643,130.0
1644,147.0
1645,159.0
1646,161.0
1647,166.0
1648,182.0
1649,500.0
1650,500.0
1651,500.0
1652,414.0
1653,500.0
1654,500.0
1655,500.0
1656,500.0
1657,500.0
1658,500.0
1659,500.0
1660,500.0
1661,500.0
1662,500.0
1663,239.0
1664,211.0
1665,183.0
1666,182.0
1667,187.0
1668,178.0
1669,169.0
1670,164.0
1671,165.0
1672,175.0
1673,171.0
1674,170.0
1675,167.0
1676,169.0
1677,284.0
1678,500.0
1679,257.0
1680,500.0
1681,500.0
1682,500.0
1683,500.0
1684,500.0
1685,500.0
1686,500.0
1687,500.0
1688,500.0
1689,500.0
1690,500.0
1691,500.0
1692,500.0
1693,315.0
1694,419.0
1695,500.0
1696,500.0
1697,500.0
1698,370.0
1699,281.0
1700,208.0
1701,377.0
1702,259.0
1703,253.0
1704,239.0
1705,234.0
1706,262.0
1707,362.0
1708,246.0
1709,302.0
1710,488.0
1711,353.0
1712,500.0
1713,461.0
1714,500.0
1715,223.0
1716,500.0
1717,500.0
1718,500.0
1719,500.0
1720,500.0
1721,500.0
1722,500.0
1723,500.0
1724,500.0
1725,500.0
1726,500.0
1727,500.0
1728,500.0
1729,500.0
1730,500.0
1731,179.0
1732,152.0
1733,9.0
1734,10.0
1735,10.0
1736,10.0
1737,10.0
1738,10.0
1739,14.0
1740,10.0
1741,194.0
1742,10.0
1743,16.0
1744,8.0
1745,12.0
1746,15.0
1747,21.0
1748,162.0
1749,126.0
1750,149.0
1751,151.0
1752,163.0
1753,186.0
1754,189.0
1755,500.0
1756,292.0
1757,238.0
1758,262.0
1759,500.0
1760,500.0
1761,500.0
1762,256.0
1763,198.0
1764,209.0
1765,500.0
1766,500.0
1767,458.0
1768,209.0
1769,186.0
1770,491.0
1771,226.0
1772,178.0
1773,447.0
1774,10.0
1775,10.0
1776,11.0
1777,10.0
1778,10.0
1779,203.0
1780,13.0
1781,11.0
1782,205.0
1783,207.0
1784,209.0
1785,215.0
1786,178.0
1787,500.0
1788,239.0
1789,332.0
1790,500.0
1791,500.0
1792,255.0
1793,500.0
1794,269.0
1795,261.0
1796,250.0
1797,282.0
1798,268.0
1799,334.0
1800,338.0
1801,325.0
1802,361.0
1803,365.0
1804,330.0
1805,427.0
1806,407.0
1807,385.0
1808,471.0
1809,415.0
1810,483.0
1811,385.0
1812,451.0
1813,500.0
1814,309.0
1815,293.0
1816,294.0
1817,223.0
1818,291.0
1819,364.0
1820,500.0
1821,500.0
1822,500.0
1823,500.0
1824,500.0
1825,500.0
1826,461.0
1827,468.0
1828,500.0
1829,500.0
1830,250.0
1831,223.0
1832,235.0
1833,202.0
1834,310.0
1835,131.0
1836,178.0
1837,153.0
1838,221.0
1839,111.0
1840,102.0
1841,100.0
1842,107.0
1843,102.0
1844,103.0
1845,97.0
1846,107.0
1847,105.0
1848,100.0
1849,108.0
1850,104.0
1851,106.0
1852,110.0
1853,104.0
1854,101.0
1855,103.0
1856,106.0
1857,110.0
1858,110.0
1859,110.0
1860,119.0
1861,113.0
1862,125.0
1863,127.0
1864,124.0
1865,123.0
1866,136.0
1867,156.0
1868,500.0
1869,242.0
1870,500.0
1871,500.0
1872,233.0
1873,263.0
1874,294.0
1875,162.0
1876,283.0
1877,301.0
1878,341.0
1879,386.0
1880,389.0
1881,392.0
1882,366.0
1883,131.0
1884,119.0
1885,126.0
1886,124.0
1887,131.0
1888,118.0
1889,138.0
1890,122.0
1891,141.0
1892,122.0
1893,124.0
1894,134.0
1895,304.0
1896,367.0
1897,388.0
1898,383.0
1899,409.0
1900,500.0
1901,492.0
1902,500.0
1903,500.0
1904,500.0
1905,381.0
1906,368.0
1907,406.0
1908,500.0
1909,405.0
1910,385.0
1911,482.0
1912,403.0
1913,472.0
1914,125.0
1915,500.0
1916,146.0
1917,26.0
1918,37.0
1919,42.0
1920,417.0
1921,500.0
1922,500.0
1923,500.0
1924,500.0
1925,500.0
1926,500.0
1927,500.0
1928,500.0
1929,500.0
1930,500.0
1931,500.0
1932,500.0
1933,500.0
1934,500.0
1935,500.0
1936,500.0
1937,500.0
1938,500.0
1939,500.0
1940,500.0
1941,500.0
1942,291.0
1943,500.0
1944,500.0
1945,310.0
1946,500.0
1947,500.0
1948,500.0
1949,500.0
1950,43.0
1951,29.0
1952,181.0
1953,11.0
1954,12.0
1955,500.0
1956,500.0
1957,500.0
1958,500.0
1959,500.0
1960,500.0
1961,500.0
1962,500.0
1963,500.0
1964,500.0
1965,500.0
1966,500.0
1967,500.0
1968,500.0
1969,500.0
1970,500.0
1971,500.0
1972,500.0
1973,354.0
1974,128.0
1975,147.0
1976,139.0
1977,137.0
1978,500.0
1979,458.0
1980,500.0
1981,96.0
1982,103.0
1983,96.0
1984,99.0
1985,100.0
1986,100.0
1987,92.0
1988,95.0
1989,94.0
1990,84.0
1991,82.0
1992,90.0
1993,72.0
1994,77.0
1995,79.0
1996,91.0
1997,90.0
1998,100.0
1999,108.0
2000,105.0
2001,114.0
2002,117.0
2003,116.0
2004,191.0
2005,215.0
2006,200.0
2007,500.0
2008,110.0
2009,115.0
2010,107.0
2011,108.0
2012,105.0
2013,113.0
2014,113.0
2015,114.0
2016,107.0
2017,115.0
2018,120.0
2019,120.0
2020,132.0
2021,121.0
2022,115.0
2023,123.0
2024,179.0
2025,161.0
2026,142.0
2027,135.0
2028,138.0
2029,500.0
2030,468.0
2031,369.0
2032,492.0
2033,500.0
2034,500.0
2035,500.0
2036,500.0
2037,500.0
2038,500.0
2039,500.0
2040,500.0
2041,473.0
2042,53.0
2043,401.0
2044,192.0
2045,206.0
2046,500.0
2047,500.0
2048,500.0
2049,500.0
2050,500.0
2051,500.0
2052,500.0
2053,500.0
2054,500.0
2055,500.0
2056,439.0
2057,414.0
2058,387.0
2059,500.0
2060,448.0
2061,500.0
2062,500.0
2063,500.0
2064,500.0
2065,500.0
2066,500.0
2067,290.0
2068,380.0
2069,250.0
2070,500.0
2071,287.0
2072,500.0
2073,500.0
2074,274.0
2075,272.0
2076,500.0
2077,500.0
2078,500.0
2079,500.0
2080,422.0
2081,500.0
2082,500.0
2083,221.0
2084,500.0
2085,500.0
2086,500.0
2087,475.0
2088,500.0
2089,500.0
2090,500.0
2091,327.0
2092,231.0
2093,346.0
2094,312.0
2095,307.0
2096,500.0
2097,459.0
2098,390.0
2099,500.0
2100,442.0
2101,367.0
2102,415.0
2103,325.0
2104,363.0
2105,325.0
2106,462.0
2107,500.0
2108,407.0
2109,461.0
2110,500.0
2111,436.0
2112,500.0
2113,500.0
2114,500.0
2115,500.0
2116,500.0
2117,500.0
2118,500.0
2119,430.0
2120,267.0
2121,410.0
2122,440.0
2123,343.0
2124,500.0
2125,500.0
2126,176.0
2127,22.0
2128,188.0
2129,20.0
2130,295.0
2131,308.0
2132,500.0
2133,437.0
2134,284.0
2135,218.0
2136,288.0
2137,500.0
2138,500.0
2139,301.0
2140,285.0
2141,500.0
2142,500.0
2143,500.0
2144,500.0
2145,500.0
2146,341.0
2147,500.0
2148,500.0
2149,500.0
2150,500.0
2151,500.0
2152,500.0
2153,500.0
2154,500.0
2155,500.0
2156,500.0
2157,203.0
2158,85.0
2159,161.0
2160,500.0
2161,500.0
2162,500.0
2163,500.0
2164,359.0
2165,220.0
2166,217.0
2167,199.0
2168,500.0
2169,184.0
2170,135.0
2171,150.0
2172,120.0
2173,163.0
2174,192.0
2175,199.0
2176,500.0
2177,193.0
2178,215.0
2179,462.0
2180,228.0
2181,319.0
2182,500.0
2183,500.0
2184,500.0
2185,500.0
2186,500.0
2187,256.0
2188,500.0
2189,500.0
2190,500.0
2191,500.0
2192,500.0
2193,500.0
2194,259.0
2195,500.0
2196,205.0
2197,200.0
2198,175.0
2199,149.0
2200,211.0
2201,190.0
2202,178.0
2203,174.0
2204,235.0
2205,208.0
2206,250.0
2207,233.0
2208,169.0
2209,391.0
2210,319.0
2211,500.0
2212,500.0
2213,347.0
2214,194.0
2215,341.0
2216,461.0
2217,500.0
2218,500.0
2219,221.0
2220,202.0
2221,255.0
2222,500.0
2223,500.0
2224,500.0
2225,500.0
2226,500.0
2227,500.0
2228,11.0
2229,9.0
2230,330.0
2231,196.0
2232,500.0
2233,494.0
2234,500.0
2235,156.0
2236,165.0
2237,151.0
2238,173.0
2239,157.0
2240,161.0
2241,139.0
2242,151.0
2243,139.0
2244,157.0
2245,150.0
2246,161.0
2247,150.0
2248,500.0
2249,167.0
2250,140.0
2251,190.0
2252,159.0
2253,163.0
2254,148.0
2255,157.0
2256,155.0
2257,142.0
2258,500.0
2259,195.0
2260,500.0
2261,500.0
2262,72.0
2263,55.0
2264,68.0
2265,57.0
2266,73.0
2267,66.0
2268,500.0
2269,500.0
2270,500.0
2271,500.0
2272,500.0
2273,500.0
2274,500.0
2275,500.0
2276,500.0
2277,500.0
2278,500.0
2279,500.0
2280,441.0
2281,500.0
2282,500.0
2283,500.0
2284,500.0
2285,299.0
2286,500.0
2287,500.0
2288,160.0
2289,500.0
2290,500.0
2291,500.0
2292,500.0
2293,500.0
2294,165.0
2295,133.0
2296,150.0
2297,500.0
2298,351.0
2299,500.0
2300,443.0
2301,500.0
2302,364.0
2303,500.0
2304,500.0
2305,141.0
2306,107.0
2307,178.0
2308,500.0
2309,500.0
2310,500.0
2311,500.0
2312,500.0
2313,500.0
2314,500.0
2315,500.0
2316,500.0
2317,500.0
2318,500.0
2319,100.0
2320,101.0
2321,102.0
2322,100.0
2323,120.0
2324,500.0
2325,184.0
2326,118.0
2327,125.0
2328,316.0
2329,313.0
2330,500.0
2331,500.0
2332,500.0
2333,500.0
2334,500.0
2335,500.0
2336,500.0
2337,500.0
2338,500.0
2339,500.0
2340,500.0
2341,500.0
2342,14.0
2343,14.0
2344,13.0
2345,12.0
2346,12.0
2347,14.0
2348,14.0
2349,16.0
2350,16.0
2351,14.0
2352,13.0
2353,16.0
2354,15.0
2355,14.0
2356,14.0
2357,14.0
2358,12.0
2359,13.0
2360,12.0
2361,15.0
2362,13.0
2363,500.0
2364,500.0
2365,500.0
2366,249.0
2367,500.0
2368,500.0
2369,500.0
2370,500.0
2371,396.0
2372,275.0
2373,241.0
2374,293.0
2375,500.0
2376,500.0
2377,500.0
2378,500.0
2379,500.0
2380,500.0
2381,500.0
2382,500.0
2383,500.0
2384,500.0
2385,500.0
2386,397.0
2387,500.0
2388,244.0
2389,256.0
2390,186.0
2391,270.0
2392,500.0
2393,321.0
2394,305.0
2395,244.0
2396,193.0
2397,203.0
2398,260.0
2399,207.0
2400,181.0
2401,196.0
2402,257.0
2403,261.0
2404,225.0
2405,219.0
2406,231.0
2407,500.0
2408,299.0
2409,270.0
2410,235.0
2411,167.0
2412,157.0
2413,500.0
2414,197.0
2415,500.0
2416,500.0
2417,349.0
2418,500.0
2419,500.0
2420,500.0
2421,429.0
2422,490.0
2423,462.0
2424,300.0
2425,335.0
2426,500.0
2427,361.0
2428,167.0
2429,297.0
2430,399.0
2431,500.0
2432,500.0
2433,164.0
2434,117.0
2435,157.0
2436,500.0
2437,500.0
2438,500.0
2439,500.0
2440,500.0
2441,500.0
2442,348.0
2443,500.0
2444,409.0
2445,243.0
2446,500.0
2447,500.0
2448,147.0
2449,206.0
2450,253.0
2451,500.0
2452,500.0
2453,500.0
2454,500.0
2455,500.0
2456,500.0
2457,277.0
2458,270.0
2459,500.0
2460,500.0
2461,500.0
2462,500.0
2463,500.0
2464,500.0
2465,500.0
2466,500.0
2467,500.0
2468,500.0
2469,171.0
2470,500.0
2471,247.0
2472,147.0
2473,500.0
2474,301.0
2475,168.0
2476,500.0
2477,500.0
2478,500.0
2479,500.0
2480,500.0
2481,500.0
2482,500.0
2483,500.0
2484,500.0
2485,500.0
2486,500.0
2487,500.0
2488,500.0
2489,500.0
2490,500.0
2491,500.0
2492,500.0
2493,500.0
2494,371.0
2495,500.0
2496,64.0
2497,59.0
2498,251.0
2499,414.0
2500,37.0
2501,386.0
2502,272.0
2503,500.0
2504,432.0
2505,500.0
2506,500.0
2507,500.0
2508,500.0
2509,500.0
2510,500.0
2511,500.0
2512,500.0
2513,500.0
2514,500.0
2515,500.0
2516,500.0
2517,500.0
2518,500.0
2519,500.0
2520,500.0
2521,500.0
2522,500.0
2523,500.0
2524,500.0
2525,500.0
2526,500.0
2527,357.0
2528,337.0
2529,395.0
2530,371.0
2531,321.0
2532,387.0
2533,346.0
2534,229.0
2535,175.0
2536,325.0
2537,160.0
2538,143.0
2539,154.0
2540,130.0
2541,174.0
2542,162.0
2543,141.0
2544,131.0
2545,141.0
2546,156.0
2547,310.0
2548,296.0
2549,331.0
2550,298.0
2551,302.0
2552,291.0
2553,300.0
2554,281.0
2555,269.0
2556,273.0
2557,258.0
2558,274.0
2559,281.0
2560,286.0
2561,131.0
2562,283.0
2563,379.0
2564,500.0
2565,500.0
2566,136.0
2567,139.0
2568,500.0
2569,500.0
2570,500.0
2571,500.0
2572,500.0
2573,500.0
2574,331.0
2575,500.0
2576,500.0
2577,500.0
2578,500.0
2579,500.0
2580,500.0
2581,500.0
2582,452.0
2583,307.0
2584,228.0
2585,407.0
2586,410.0
2587,426.0
2588,430.0
2589,500.0
2590,500.0
2591,450.0
2592,500.0
2593,500.0
2594,500.0
2595,500.0
2596,500.0
2597,500.0
2598,500.0
2599,500.0
2600,500.0
2601,500.0
2602,500.0
2603,500.0
2604,500.0
2605,380.0
2606,500.0
2607,500.0
2608,265.0
2609,500.0
2610,500.0
2611,500.0
2612,500.0
2613,500.0
2614,500.0
2615,500.0
2616,500.0
2617,500.0
2618,500.0
2619,500.0
2620,500.0
2621,500.0
2622,315.0
2623,500.0
2624,500.0
2625,434.0
2626,10.0
2627,500.0
2628,312.0
2629,500.0
2630,500.0
2631,500.0
2632,500.0
2633,500.0
2634,270.0
2635,500.0
2636,500.0
2637,500.0
2638,237.0
2639,500.0
2640,268.0
2641,274.0
2642,240.0
2643,199.0
2644,145.0
2645,82.0
2646,51.0
2647,63.0
2648,134.0
2649,162.0
2650,192.0
2651,269.0
2652,226.0
2653,240.0
2654,227.0
2655,500.0
2656,222.0
2657,232.0
2658,218.0
2659,238.0
2660,262.0
2661,263.0
2662,256.0
2663,245.0
2664,243.0
2665,231.0
2666,242.0
2667,218.0
2668,241.0
2669,233.0
2670,223.0
2671,243.0
2672,220.0
2673,231.0
2674,243.0
2675,235.0
2676,243.0
2677,230.0
2678,221.0
2679,217.0
2680,204.0
2681,237.0
2682,214.0
2683,224.0
2684,218.0
2685,228.0
2686,218.0
2687,227.0
2688,224.0
2689,184.0
2690,196.0
2691,213.0
2692,228.0
2693,214.0
2694,207.0
2695,219.0
2696,232.0
2697,212.0
2698,214.0
2699,198.0
2700,209.0
2701,243.0
2702,219.0
2703,259.0
2704,254.0
2705,255.0
2706,290.0
2707,280.0
2708,277.0
2709,33.0
2710,12.0
2711,299.0
2712,24.0
2713,21.0
2714,500.0
2715,244.0
2716,219.0
2717,231.0
2718,254.0
2719,290.0
2720,305.0
2721,334.0
2722,398.0
2723,455.0
2724,362.0
2725,389.0
2726,334.0
2727,328.0
2728,340.0
2729,310.0
2730,287.0
2731,284.0
2732,346.0
2733,478.0
2734,453.0
2735,500.0
2736,500.0
2737,449.0
2738,495.0
2739,395.0
2740,485.0
2741,445.0
2742,500.0
2743,500.0
2744,490.0
2745,500.0
2746,500.0
2747,500.0
2748,500.0
2749,500.0
2750,500.0
2751,500.0
2752,500.0
2753,500.0
2754,500.0
2755,500.0
2756,500.0
2757,500.0
2758,500.0
2759,500.0
2760,500.0
2761,500.0
2762,311.0
2763,288.0
2764,266.0
2765,247.0
2766,500.0
2767,500.0
2768,500.0
2769,500.0
2770,500.0
2771,500.0
2772,477.0
2773,277.0
2774,191.0
2775,306.0
2776,11.0
2777,11.0
2778,11.0
2779,10.0
2780,10.0
2781,10.0
2782,11.0
2783,11.0
2784,11.0
2785,12.0
2786,11.0
2787,12.0
2788,11.0
2789,10.0
2790,12.0
2791,11.0
2792,13.0
2793,15.0
2794,16.0
2795,15.0
2796,22.0
2797,202.0
2798,266.0
2799,500.0
2800,500.0
2801,444.0
2802,451.0
2803,443.0
2804,500.0
2805,500.0
2806,500.0
2807,226.0
2808,460.0
2809,500.0
2810,500.0
2811,500.0
2812,500.0
2813,500.0
2814,500.0
2815,500.0
2816,500.0
2817,500.0
2818,500.0
2819,500.0
2820,500.0
2821,500.0
2822,500.0
2823,500.0
2824,500.0
2825,500.0
2826,500.0
2827,479.0
2828,500.0
2829,394.0
2830,500.0
2831,371.0
2832,417.0
2833,362.0
2834,316.0
2835,338.0
2836,317.0
2837,332.0
2838,447.0
2839,430.0
2840,412.0
2841,350.0
2842,381.0
2843,401.0
2844,372.0
2845,134.0
2846,385.0
2847,379.0
2848,115.0
2849,143.0
2850,127.0
2851,155.0
2852,136.0
2853,114.0
2854,127.0
2855,118.0
2856,143.0
2857,66.0
2858,58.0
2859,127.0
2860,109.0
2861,130.0
2862,135.0
2863,118.0
2864,131.0
2865,130.0
2866,125.0
2867,137.0
2868,125.0
2869,160.0
2870,146.0
2871,129.0
2872,325.0
2873,146.0
2874,159.0
2875,170.0
2876,173.0
2877,414.0
2878,355.0
2879,383.0
2880,310.0
2881,310.0
2882,500.0
2883,500.0
2884,500.0
2885,500.0
2886,500.0
2887,500.0
2888,309.0
2889,500.0
2890,500.0
2891,500.0
2892,500.0
2893,487.0
2894,500.0
2895,500.0
2896,500.0
2897,500.0
2898,500.0
2899,500.0
2900,500.0
2901,500.0
2902,500.0
2903,500.0
2904,500.0
2905,500.0
2906,360.0
2907,197.0
2908,180.0
2909,208.0
2910,500.0
2911,222.0
2912,273.0
2913,500.0
2914,500.0
2915,387.0
2916,500.0
2917,500.0
2918,500.0
2919,500.0
2920,500.0
2921,366.0
2922,284.0
2923,12.0
2924,194.0
2925,158.0
2926,149.0
2927,500.0
2928,500.0
2929,500.0
2930,500.0
2931,500.0
2932,500.0
2933,500.0
2934,500.0
2935,500.0
2936,500.0
2937,500.0
2938,500.0
2939,500.0
2940,500.0
2941,500.0
2942,500.0
2943,500.0
2944,500.0
2945,500.0
2946,500.0
2947,420.0
2948,500.0
2949,500.0
2950,500.0
2951,500.0
2952,500.0
2953,500.0
2954,500.0
2955,500.0
2956,500.0
2957,500.0
2958,500.0
2959,442.0
2960,500.0
2961,396.0
2962,328.0
2963,500.0
2964,500.0
2965,239.0
2966,218.0
2967,265.0
2968,453.0
2969,500.0
2970,418.0
2971,500.0
2972,357.0
2973,500.0
2974,447.0
2975,428.0
2976,500.0
2977,394.0
2978,353.0
2979,332.0
2980,300.0
2981,339.0
2982,500.0
2983,412.0
2984,500.0
2985,443.0
2986,418.0
2987,500.0
2988,500.0
2989,500.0
2990,500.0
2991,366.0
2992,500.0
2993,500.0
2994,386.0
2995,500.0
2996,252.0
2997,500.0
2998,500.0
2999,459.0
3000,167.0
3001,403.0
3002,500.0
3003,500.0
3004,500.0
3005,500.0
3006,147.0
3007,500.0
3008,500.0
3009,500.0
3010,296.0
3011,10.0
3012,10.0
3013,9.0
3014,10.0
3015,10.0
3016,9.0
3017,9.0
3018,9.0
3019,8.0
3020,9.0
3021,11.0
3022,10.0
3023,8.0
3024,11.0
3025,9.0
3026,11.0
3027,11.0
3028,10.0
3029,10.0
3030,9.0
3031,176.0
3032,500.0
3033,500.0
3034,500.0
3035,401.0
3036,226.0
3037,500.0
3038,500.0
3039,500.0
3040,500.0
3041,207.0
3042,189.0
3043,210.0
3044,500.0
3045,157.0
3046,176.0
3047,171.0
3048,180.0
3049,154.0
3050,162.0
3051,176.0
3052,30.0
3053,206.0
3054,161.0
3055,194.0
3056,160.0
3057,34.0
3058,187.0
3059,274.0
3060,359.0
3061,344.0
3062,467.0
3063,500.0
3064,500.0
3065,500.0
3066,500.0
3067,500.0
3068,500.0
3069,500.0
3070,500.0
3071,500.0
3072,500.0
3073,500.0
3074,500.0
3075,500.0
3076,500.0
3077,500.0
3078,500.0
3079,500.0
3080,500.0
3081,408.0
3082,182.0
3083,382.0
3084,183.0
3085,171.0
3086,144.0
3087,148.0
3088,162.0
3089,153.0
3090,143.0
3091,143.0
3092,163.0
3093,133.0
3094,154.0
3095,164.0
3096,156.0
3097,140.0
3098,144.0
3099,138.0
3100,133.0
3101,127.0
3102,133.0
3103,135.0
3104,140.0
3105,147.0
3106,161.0
3107,154.0
3108,167.0
3109,163.0
3110,159.0
3111,190.0
3112,305.0
3113,176.0
3114,163.0
3115,160.0
3116,168.0
3117,178.0
3118,198.0
3119,181.0
3120,238.0
3121,315.0
3122,435.0
3123,247.0
3124,333.0
3125,500.0
3126,183.0
3127,500.0
3128,500.0
3129,500.0
3130,500.0
3131,500.0
3132,220.0
3133,234.0
3134,500.0
3135,500.0
3136,500.0
3137,500.0
3138,500.0
3139,500.0
3140,500.0
3141,500.0
3142,500.0
3143,500.0
3144,500.0
3145,500.0
3146,500.0
3147,500.0
3148,500.0
3149,500.0
3150,500.0
3151,500.0
3152,14.0
3153,16.0
3154,18.0
3155,16.0
3156,16.0
3157,12.0
3158,16.0
3159,14.0
3160,12.0
3161,10.0
3162,13.0
3163,17.0
3164,17.0
3165,13.0
3166,15.0
3167,14.0
3168,15.0
3169,11.0
3170,16.0
3171,16.0
3172,14.0
3173,16.0
3174,13.0
3175,14.0
3176,15.0
3177,13.0
3178,12.0
3179,11.0
3180,11.0
3181,13.0
3182,11.0
3183,11.0
3184,12.0
3185,15.0
3186,12.0
3187,16.0
3188,15.0
3189,20.0
3190,17.0
3191,14.0
3192,19.0
3193,17.0
3194,24.0
3195,22.0
3196,500.0
3197,500.0
3198,500.0
3199,500.0
3200,500.0
3201,479.0
3202,500.0
3203,500.0
3204,500.0
3205,500.0
3206,500.0
3207,500.0
3208,500.0
3209,500.0
3210,500.0
3211,500.0
3212,397.0
3213,419.0
3214,500.0
3215,500.0
3216,500.0
3217,500.0
3218,500.0
3219,500.0
3220,500.0
3221,376.0
3222,240.0
3223,177.0
3224,500.0
3225,470.0
3226,500.0
3227,500.0
3228,338.0
3229,500.0
3230,500.0
3231,500.0
3232,500.0
3233,12.0
3234,500.0
3235,220.0
3236,147.0
3237,197.0
3238,134.0
3239,205.0
3240,199.0
3241,161.0
3242,162.0
3243,212.0
3244,280.0
3245,500.0
3246,500.0
3247,500.0
3248,319.0
3249,500.0
3250,177.0
3251,500.0
3252,432.0
3253,500.0
3254,345.0
3255,500.0
3256,192.0
3257,153.0
3258,500.0
3259,500.0
3260,500.0
3261,475.0
3262,369.0
3263,500.0
3264,296.0
3265,363.0
3266,304.0
3267,288.0
3268,500.0
3269,256.0
3270,447.0
3271,285.0
3272,435.0
3273,500.0
3274,500.0
3275,500.0
3276,500.0
3277,326.0
3278,500.0
3279,500.0
3280,423.0
3281,500.0
3282,500.0
3283,428.0
3284,500.0
3285,500.0
3286,444.0
3287,432.0
3288,261.0
3289,343.0
3290,335.0
3291,264.0
3292,187.0
3293,233.0
3294,221.0
3295,216.0
3296,500.0
3297,257.0
3298,259.0
3299,228.0
3300,299.0
3301,268.0
3302,216.0
3303,213.0
3304,240.0
3305,374.0
3306,279.0
3307,246.0
3308,228.0
3309,294.0
3310,237.0
3311,328.0
3312,253.0
3313,203.0
3314,238.0
3315,281.0
3316,281.0
3317,329.0
3318,397.0
3319,306.0
3320,316.0
3321,323.0
3322,356.0
3323,446.0
3324,352.0
3325,404.0
3326,415.0
3327,370.0
3328,332.0
3329,421.0
3330,416.0
3331,381.0
3332,364.0
3333,383.0
3334,498.0
3335,379.0
3336,500.0
3337,500.0
3338,343.0
3339,13.0
3340,14.0
3341,13.0
3342,14.0
3343,13.0
3344,12.0
3345,13.0
3346,11.0
3347,11.0
3348,11.0
3349,11.0
3350,15.0
3351,20.0
3352,214.0
3353,94.0
3354,103.0
3355,90.0
3356,109.0
3357,102.0
3358,135.0
3359,112.0
3360,124.0
3361,134.0
3362,144.0
3363,142.0
3364,160.0
3365,143.0
3366,140.0
3367,119.0
3368,125.0
3369,124.0
3370,148.0
3371,115.0
3372,121.0
3373,126.0
3374,131.0
3375,135.0
3376,124.0
3377,104.0
3378,103.0
3379,107.0
3380,109.0
3381,118.0
3382,126.0
3383,122.0
3384,129.0
3385,115.0
3386,139.0
3387,216.0
3388,500.0
3389,180.0
3390,179.0
3391,132.0
3392,159.0
3393,174.0
3394,167.0
3395,148.0
3396,159.0
3397,178.0
3398,141.0
3399,254.0
3400,253.0
3401,230.0
3402,246.0
3403,213.0
3404,262.0
3405,210.0
3406,227.0
3407,230.0
3408,227.0
3409,208.0
3410,196.0
3411,222.0
3412,178.0
3413,199.0
3414,212.0
3415,202.0
3416,206.0
3417,256.0
3418,232.0
3419,235.0
3420,245.0
3421,242.0
3422,211.0
3423,246.0
3424,239.0
3425,215.0
3426,233.0
3427,204.0
3428,214.0
3429,256.0
3430,269.0
3431,210.0
3432,203.0
3433,218.0
3434,249.0
3435,426.0
3436,484.0
3437,309.0
3438,358.0
3439,425.0
3440,500.0
3441,475.0
3442,500.0
3443,500.0
3444,500.0
3445,85.0
3446,500.0
3447,221.0
3448,500.0
3449,500.0
3450,500.0
3451,178.0
3452,359.0
3453,175.0
3454,291.0
3455,56.0
3456,113.0
3457,56.0
3458,30.0
3459,37.0
3460,24.0
3461,34.0
3462,27.0
3463,22.0
3464,24.0
3465,20.0
3466,18.0
3467,29.0
3468,35.0
3469,25.0
3470,23.0
3471,30.0
3472,41.0
3473,22.0
3474,33.0
3475,52.0
3476,42.0
3477,37.0
3478,37.0
3479,73.0
3480,43.0
3481,47.0
3482,65.0
3483,72.0
3484,119.0
3485,85.0
3486,98.0
3487,98.0
3488,76.0
3489,99.0
3490,217.0
3491,103.0
3492,122.0
3493,111.0
3494,122.0
3495,139.0
3496,151.0
3497,192.0
3498,135.0
3499,317.0
3500,164.0
3501,185.0
3502,159.0
3503,174.0
3504,164.0
3505,168.0
3506,161.0
3507,158.0
3508,175.0
3509,181.0
3510,207.0
3511,169.0
3512,219.0
3513,232.0
3514,184.0
3515,176.0
3516,190.0
3517,207.0
3518,187.0
3519,190.0
3520,192.0
3521,200.0
3522,181.0
3523,193.0
3524,166.0
3525,167.0
3526,202.0
3527,168.0
3528,180.0
3529,171.0
3530,193.0
3531,168.0
3532,189.0
3533,173.0
3534,175.0
3535,159.0
3536,170.0
3537,198.0
3538,164.0
3539,168.0
3540,165.0
3541,140.0
3542,143.0
3543,178.0
3544,166.0
3545,248.0
3546,153.0
3547,159.0
3548,183.0
3549,148.0
3550,145.0
3551,500.0
3552,500.0
3553,500.0
3554,270.0
3555,201.0
3556,168.0
3557,152.0
3558,147.0
3559,142.0
3560,126.0
3561,110.0
3562,103.0
3563,105.0
3564,109.0
3565,100.0
3566,108.0
3567,97.0
3568,76.0
3569,84.0
3570,110.0
3571,120.0
3572,131.0
3573,136.0
3574,138.0
3575,155.0
3576,143.0
3577,146.0
3578,162.0
3579,153.0
3580,184.0
3581,175.0
3582,175.0
3583,206.0
3584,203.0
3585,239.0
3586,294.0
3587,347.0
3588,352.0
3589,325.0
3590,353.0
3591,408.0
3592,319.0
3593,307.0
3594,277.0
3595,297.0
3596,500.0
3597,500.0
3598,500.0
3599,500.0
3600,274.0
3601,500.0
3602,500.0
3603,500.0
3604,462.0
3605,365.0
3606,180.0
3607,500.0
3608,500.0
3609,500.0
3610,500.0
3611,500.0
3612,500.0
3613,500.0
3614,500.0
3615,500.0
3616,500.0
3617,500.0
3618,500.0
3619,500.0
3620,500.0
3621,500.0
3622,500.0
3623,500.0
3624,500.0
3625,500.0
3626,500.0
3627,500.0
3628,500.0
3629,500.0
3630,500.0
3631,500.0
3632,500.0
3633,138.0
3634,173.0
3635,131.0
3636,207.0
3637,162.0
3638,132.0
3639,143.0
3640,116.0
3641,130.0
3642,155.0
3643,141.0
3644,206.0
3645,149.0
3646,178.0
3647,159.0
3648,328.0
3649,283.0
3650,119.0
3651,130.0
3652,153.0
3653,152.0
3654,234.0
3655,206.0
3656,331.0
3657,68.0
3658,73.0
3659,106.0
3660,94.0
3661,238.0
3662,187.0
3663,171.0
3664,216.0
3665,351.0
3666,138.0
3667,160.0
3668,146.0
3669,348.0
3670,182.0
3671,304.0
3672,146.0
3673,274.0
3674,500.0
3675,500.0
3676,500.0
3677,500.0
3678,500.0
3679,500.0
3680,136.0
3681,144.0
3682,151.0
3683,500.0
3684,500.0
3685,500.0
3686,500.0
3687,500.0
3688,500.0
3689,500.0
3690,500.0
3691,500.0
3692,500.0
3693,500.0
3694,500.0
3695,500.0
3696,500.0
3697,500.0
3698,390.0
3699,245.0
3700,185.0
3701,173.0
3702,12.0
3703,154.0
3704,13.0
3705,168.0
3706,11.0
3707,12.0
3708,151.0
3709,12.0
3710,181.0
3711,278.0
3712,500.0
3713,500.0
3714,441.0
3715,224.0
3716,151.0
3717,146.0
3718,500.0
3719,155.0
3720,126.0
3721,240.0
3722,133.0
3723,221.0
3724,145.0
3725,180.0
3726,167.0
3727,178.0
3728,166.0
3729,134.0
3730,124.0
3731,117.0
3732,114.0
3733,103.0
3734,104.0
3735,40.0
3736,105.0
3737,110.0
3738,115.0
3739,119.0
3740,104.0
3741,118.0
3742,128.0
3743,131.0
3744,115.0
3745,103.0
3746,101.0
3747,91.0
3748,100.0
3749,113.0
3750,108.0
3751,112.0
3752,127.0
3753,178.0
3754,229.0
3755,500.0
3756,500.0
3757,500.0
3758,500.0
3759,500.0
3760,500.0
3761,500.0
3762,500.0
3763,500.0
3764,500.0
3765,500.0
3766,500.0
3767,500.0
3768,500.0
3769,500.0
3770,500.0
3771,500.0
3772,500.0
3773,500.0
3774,500.0
3775,500.0
3776,500.0
3777,500.0
3778,500.0
3779,500.0
3780,500.0
3781,192.0
3782,345.0
3783,171.0
3784,147.0
3785,152.0
3786,126.0
3787,168.0
3788,234.0
3789,500.0
3790,367.0
3791,211.0
3792,318.0
3793,204.0
3794,346.0
3795,298.0
3796,278.0
3797,289.0
3798,285.0
3799,500.0
3800,500.0
3801,500.0
3802,500.0
3803,286.0
3804,241.0
3805,208.0
3806,206.0
3807,244.0
3808,196.0
3809,226.0
3810,229.0
3811,240.0
3812,253.0
3813,317.0
3814,500.0
3815,478.0
3816,209.0
3817,428.0
3818,152.0
3819,236.0
3820,489.0
3821,257.0
3822,500.0
3823,500.0
3824,185.0
3825,500.0
3826,500.0
3827,442.0
3828,177.0
3829,186.0
3830,143.0
3831,184.0
3832,13.0
3833,10.0
3834,10.0
3835,12.0
3836,11.0
3837,11.0
3838,194.0
3839,467.0
3840,327.0
3841,189.0
3842,265.0
3843,164.0
3844,410.0
3845,500.0
3846,500.0
3847,234.0
3848,249.0
3849,189.0
3850,500.0
3851,465.0
3852,418.0
3853,193.0
3854,208.0
3855,199.0
3856,181.0
3857,279.0
3858,220.0
3859,434.0
3860,412.0
3861,404.0
3862,394.0
3863,435.0
3864,500.0
3865,384.0
3866,334.0
3867,330.0
3868,500.0
3869,246.0
3870,354.0
3871,303.0
3872,412.0
3873,335.0
3874,333.0
3875,352.0
3876,349.0
3877,466.0
3878,395.0
3879,490.0
3880,248.0
3881,500.0
3882,41.0
3883,434.0
3884,358.0
3885,500.0
3886,470.0
3887,201.0
3888,225.0
3889,252.0
3890,439.0
3891,439.0
3892,223.0
3893,447.0
3894,462.0
3895,447.0
3896,384.0
3897,446.0
3898,453.0
3899,429.0
3900,474.0
3901,490.0
3902,500.0
3903,500.0
3904,477.0
3905,374.0
3906,437.0
3907,328.0
3908,373.0
3909,126.0
3910,160.0
3911,297.0
3912,282.0
3913,305.0
3914,187.0
3915,359.0
3916,395.0
3917,377.0
3918,500.0
3919,407.0
3920,426.0
3921,422.0
3922,500.0
3923,500.0
3924,495.0
3925,421.0
3926,500.0
3927,448.0
3928,404.0
3929,419.0
3930,500.0
3931,500.0
3932,411.0
3933,500.0
3934,500.0
3935,500.0
3936,470.0
3937,500.0
3938,500.0
3939,393.0
3940,493.0
3941,500.0
3942,500.0
3943,500.0
3944,500.0
3945,500.0
3946,500.0
3947,500.0
3948,500.0
3949,500.0
3950,500.0
3951,500.0
3952,165.0
3953,500.0
3954,500.0
3955,189.0
3956,500.0
3957,231.0
3958,226.0
3959,175.0
3960,149.0
3961,143.0
3962,500.0
3963,500.0
3964,500.0
3965,120.0
3966,69.0
3967,14.0
3968,124.0
3969,10.0
3970,12.0
3971,11.0
3972,10.0
3973,11.0
3974,500.0
3975,500.0
3976,214.0
3977,334.0
3978,500.0
3979,210.0
3980,211.0
3981,222.0
3982,342.0
3983,179.0
3984,177.0
3985,148.0
3986,252.0
3987,333.0
3988,362.0
3989,234.0
3990,176.0
3991,206.0
3992,355.0
3993,358.0
3994,266.0
3995,279.0
3996,500.0
3997,500.0
3998,500.0
3999,368.0
4000,500.0
4001,500.0
4002,500.0
4003,500.0
4004,477.0
4005,500.0
4006,500.0
4007,500.0
4008,500.0
4009,256.0
4010,500.0
4011,172.0
4012,153.0
4013,500.0
4014,500.0
4015,479.0
4016,390.0
4017,286.0
4018,252.0
4019,195.0
4020,267.0
4021,187.0
4022,126.0
4023,475.0
4024,374.0
4025,500.0
4026,500.0
4027,325.0
4028,199.0
4029,216.0
4030,500.0
4031,197.0
4032,142.0
4033,143.0
4034,192.0
4035,500.0
4036,176.0
4037,500.0
4038,500.0
4039,500.0
4040,500.0
4041,500.0
4042,500.0
4043,500.0
4044,459.0
4045,500.0
4046,500.0
4047,500.0
4048,500.0
4049,232.0
4050,500.0
4051,500.0
4052,500.0
4053,500.0
4054,500.0
4055,500.0
4056,422.0
4057,174.0
4058,426.0
4059,500.0
4060,500.0
4061,500.0
4062,433.0
4063,473.0
4064,500.0
4065,202.0
4066,500.0
4067,500.0
4068,420.0
4069,395.0
4070,371.0
4071,231.0
4072,329.0
4073,343.0
4074,500.0
4075,500.0
4076,404.0
4077,500.0
4078,500.0
4079,466.0
4080,500.0
4081,489.0
4082,456.0
4083,500.0
4084,500.0
4085,500.0
4086,500.0
4087,500.0
4088,500.0
4089,454.0
4090,495.0
4091,500.0
4092,500.0
4093,500.0
4094,500.0
4095,500.0
4096,358.0
4097,500.0
4098,500.0
4099,500.0
4100,500.0
4101,500.0
4102,500.0
4103,500.0
4104,500.0
4105,500.0
4106,500.0
4107,500.0
4108,500.0
4109,500.0
4110,500.0
4111,500.0
4112,500.0
4113,500.0
4114,500.0
4115,328.0
4116,500.0
4117,474.0
4118,301.0
4119,500.0
4120,500.0
4121,500.0
4122,225.0
4123,317.0
4124,500.0
4125,500.0
4126,500.0
4127,336.0
4128,500.0
4129,500.0
4130,500.0
4131,500.0
4132,500.0
4133,500.0
4134,500.0
4135,500.0
4136,500.0
4137,500.0
4138,500.0
4139,349.0
4140,396.0
4141,360.0
4142,439.0
4143,174.0
4144,185.0
4145,173.0
4146,425.0
4147,168.0
4148,209.0
4149,500.0
4150,217.0
4151,191.0
4152,335.0
4153,345.0
4154,500.0
4155,250.0
4156,500.0
4157,500.0
4158,500.0
4159,414.0
4160,441.0
4161,500.0
4162,500.0
4163,195.0
4164,313.0
4165,207.0
4166,199.0
4167,500.0
4168,421.0
4169,200.0
4170,393.0
4171,500.0
4172,500.0
4173,500.0
4174,500.0
4175,281.0
4176,500.0
4177,205.0
4178,140.0
4179,172.0
4180,500.0
4181,324.0
4182,500.0
4183,216.0
4184,371.0
4185,500.0
4186,500.0
4187,500.0
4188,500.0
4189,500.0
4190,377.0
4191,500.0
4192,500.0
4193,398.0
4194,336.0
4195,395.0
4196,500.0
4197,500.0
4198,250.0
4199,500.0
4200,426.0
4201,268.0
4202,500.0
4203,500.0
4204,500.0
4205,500.0
4206,500.0
4207,500.0
4208,378.0
4209,205.0
4210,500.0
4211,500.0
4212,419.0
4213,320.0
4214,278.0
4215,233.0
4216,221.0
4217,275.0
4218,500.0
4219,292.0
4220,500.0
4221,79.0
4222,193.0
4223,212.0
4224,185.0
4225,346.0
4226,313.0
4227,196.0
4228,500.0
4229,307.0
4230,473.0
4231,295.0
4232,306.0
4233,500.0
4234,210.0
4235,500.0
4236,500.0
4237,232.0
4238,329.0
4239,280.0
4240,251.0
4241,233.0
4242,500.0
4243,485.0
4244,500.0
4245,500.0
4246,500.0
4247,500.0
4248,500.0
4249,231.0
4250,500.0
4251,238.0
4252,500.0
4253,500.0
4254,500.0
4255,386.0
4256,500.0
4257,500.0
4258,500.0
4259,500.0
4260,500.0
4261,500.0
4262,500.0
4263,500.0
4264,500.0
4265,500.0
4266,500.0
4267,500.0
4268,500.0
4269,228.0
4270,179.0
4271,211.0
4272,230.0
4273,172.0
4274,202.0
4275,166.0
4276,201.0
4277,455.0
4278,172.0
4279,500.0
4280,500.0
4281,383.0
4282,500.0
4283,252.0
4284,438.0
4285,280.0
4286,356.0
4287,172.0
4288,500.0
4289,500.0
4290,197.0
4291,156.0
4292,173.0
4293,211.0
4294,197.0
4295,184.0
4296,177.0
4297,154.0
4298,160.0
4299,170.0
4300,166.0
4301,265.0
4302,187.0
4303,420.0
4304,166.0
4305,162.0
4306,158.0
4307,151.0
4308,179.0
4309,216.0
4310,205.0
4311,158.0
4312,197.0
4313,315.0
4314,285.0
4315,198.0
4316,172.0
4317,187.0
4318,350.0
4319,151.0
4320,144.0
4321,143.0
4322,246.0
4323,500.0
4324,477.0
4325,171.0
4326,476.0
4327,500.0
4328,190.0
4329,173.0
4330,147.0
4331,146.0
4332,500.0
4333,500.0
4334,133.0
4335,483.0
4336,126.0
4337,11.0
4338,109.0
4339,107.0
4340,123.0
4341,129.0
4342,135.0
4343,148.0
4344,176.0
4345,180.0
4346,161.0
4347,153.0
4348,157.0
4349,149.0
4350,156.0
4351,146.0
4352,155.0
4353,138.0
4354,156.0
4355,157.0
4356,168.0
4357,159.0
4358,170.0
4359,440.0
4360,382.0
4361,196.0
4362,166.0
4363,168.0
4364,165.0
4365,453.0
4366,144.0
4367,145.0
4368,500.0
4369,351.0
4370,500.0
4371,428.0
4372,209.0
4373,478.0
4374,500.0
4375,340.0
4376,284.0
4377,375.0
4378,500.0
4379,500.0
4380,500.0
4381,500.0
4382,500.0
4383,290.0
4384,280.0
4385,335.0
4386,355.0
4387,394.0
4388,500.0
4389,500.0
4390,500.0
4391,500.0
4392,500.0
4393,500.0
4394,500.0
4395,500.0
4396,500.0
4397,500.0
4398,500.0
4399,18.0
4400,500.0
4401,500.0
4402,500.0
4403,500.0
4404,274.0
4405,247.0
4406,500.0
4407,365.0
4408,382.0
4409,500.0
4410,500.0
4411,500.0
4412,500.0
4413,382.0
4414,161.0
4415,436.0
4416,200.0
4417,301.0
4418,303.0
4419,500.0
4420,304.0
4421,357.0
4422,220.0
4423,500.0
4424,500.0
4425,500.0
4426,500.0
4427,500.0
4428,285.0
4429,203.0
4430,236.0
4431,239.0
4432,500.0
4433,500.0
4434,500.0
4435,158.0
4436,133.0
4437,124.0
4438,142.0
4439,171.0
4440,140.0
4441,194.0
4442,170.0
4443,158.0
4444,133.0
4445,15.0
4446,14.0
4447,11.0
4448,17.0
4449,16.0
4450,15.0
4451,19.0
4452,21.0
4453,12.0
4454,136.0
4455,163.0
4456,154.0
4457,494.0
4458,500.0
4459,500.0
4460,500.0
4461,500.0
4462,203.0
4463,190.0
4464,217.0
4465,224.0
4466,500.0
4467,294.0
4468,215.0
4469,217.0
4470,166.0
4471,171.0
4472,276.0
4473,161.0
4474,152.0
4475,157.0
4476,500.0
4477,189.0
4478,368.0
4479,420.0
4480,398.0
4481,194.0
4482,195.0
4483,214.0
4484,149.0
4485,200.0
4486,394.0
4487,409.0
4488,420.0
4489,482.0
4490,490.0
4491,481.0
4492,498.0
4493,500.0
4494,500.0
4495,465.0
4496,500.0
4497,246.0
4498,500.0
4499,179.0
4500,500.0
4501,500.0
4502,500.0
4503,500.0
4504,500.0
4505,500.0
4506,500.0
4507,173.0
4508,500.0
4509,500.0
4510,500.0
4511,500.0
4512,500.0
4513,500.0
4514,500.0
4515,500.0
4516,500.0
4517,500.0
4518,500.0
4519,500.0
4520,500.0
4521,214.0
4522,179.0
4523,500.0
4524,237.0
4525,246.0
4526,178.0
4527,192.0
4528,141.0
4529,161.0
4530,500.0
4531,500.0
4532,500.0
4533,500.0
4534,500.0
4535,258.0
4536,251.0
4537,500.0
4538,275.0
4539,197.0
4540,500.0
4541,274.0
4542,249.0
4543,245.0
4544,222.0
4545,500.0
4546,500.0
4547,201.0
4548,500.0
4549,8.0
4550,199.0
4551,177.0
4552,29.0
4553,222.0
4554,164.0
4555,155.0
4556,146.0
4557,161.0
4558,177.0
4559,191.0
4560,230.0
4561,500.0
4562,500.0
4563,217.0
4564,500.0
4565,500.0
4566,185.0
4567,500.0
4568,212.0
4569,218.0
4570,207.0
4571,500.0
4572,222.0
4573,211.0
4574,188.0
4575,218.0
4576,222.0
4577,194.0
4578,220.0
4579,500.0
4580,230.0
4581,259.0
4582,232.0
4583,210.0
4584,252.0
4585,340.0
4586,244.0
4587,220.0
4588,205.0
4589,297.0
4590,205.0
4591,207.0
4592,255.0
4593,500.0
4594,206.0
4595,500.0
4596,217.0
4597,231.0
4598,500.0
4599,263.0
4600,500.0
4601,500.0
4602,500.0
4603,419.0
4604,500.0
4605,500.0
4606,500.0
4607,500.0
4608,500.0
4609,500.0
4610,500.0
4611,500.0
4612,500.0
4613,500.0
4614,500.0
4615,500.0
4616,500.0
4617,500.0
4618,500.0
4619,500.0
4620,500.0
4621,500.0
4622,500.0
4623,500.0
4624,500.0
4625,500.0
4626,500.0
4627,500.0
4628,500.0
4629,500.0
4630,237.0
4631,500.0
4632,500.0
4633,179.0
4634,238.0
4635,244.0
4636,193.0
4637,243.0
4638,500.0
4639,500.0
4640,276.0
4641,500.0
4642,500.0
4643,209.0
4644,237.0
4645,500.0
4646,500.0
4647,500.0
4648,500.0
4649,500.0
4650,500.0
4651,500.0
4652,500.0
4653,271.0
4654,500.0
4655,500.0
4656,189.0
4657,500.0
4658,500.0
4659,500.0
4660,500.0
4661,500.0
4662,500.0
4663,500.0
4664,500.0
4665,500.0
4666,500.0
4667,500.0
4668,500.0
4669,500.0
4670,184.0
4671,223.0
4672,244.0
4673,250.0
4674,500.0
4675,500.0
4676,500.0
4677,254.0
4678,500.0
4679,171.0
4680,194.0
4681,188.0
4682,188.0
4683,422.0
4684,397.0
4685,242.0
4686,191.0
4687,179.0
4688,203.0
4689,9.0
4690,10.0
4691,11.0
4692,83.0
4693,500.0
4694,400.0
4695,500.0
4696,500.0
4697,212.0
4698,216.0
4699,178.0
4700,325.0
4701,236.0
4702,187.0
4703,250.0
4704,145.0
4705,137.0
4706,154.0
4707,278.0
4708,331.0
4709,464.0
4710,430.0
4711,430.0
4712,178.0
4713,204.0
4714,500.0
4715,500.0
4716,238.0
4717,368.0
4718,487.0
4719,469.0
4720,500.0
4721,132.0
4722,191.0
4723,500.0
4724,320.0
4725,335.0
4726,500.0
4727,497.0
4728,500.0
4729,500.0
4730,500.0
4731,500.0
4732,500.0
4733,500.0
4734,500.0
4735,500.0
4736,500.0
4737,290.0
4738,139.0
4739,208.0
4740,364.0
4741,500.0
4742,500.0
4743,384.0
4744,179.0
4745,120.0
4746,500.0
4747,500.0
4748,500.0
4749,500.0
4750,500.0
4751,292.0
4752,320.0
4753,500.0
4754,500.0
4755,500.0
4756,500.0
4757,228.0
4758,500.0
4759,500.0
4760,500.0
4761,476.0
4762,297.0
4763,230.0
4764,500.0
4765,500.0
4766,209.0
4767,500.0
4768,500.0
4769,500.0
4770,500.0
4771,497.0
4772,500.0
4773,500.0
4774,500.0
4775,500.0
4776,500.0
4777,452.0
4778,500.0
4779,482.0
4780,500.0
4781,422.0
4782,500.0
4783,500.0
4784,348.0
4785,500.0
4786,339.0
4787,161.0
4788,500.0
4789,369.0
4790,500.0
4791,500.0
4792,500.0
4793,465.0
4794,500.0
4795,411.0
4796,500.0
4797,291.0
4798,302.0
4799,241.0
4800,500.0
4801,473.0
4802,500.0
4803,185.0
4804,500.0
4805,481.0
4806,500.0
4807,500.0
4808,500.0
4809,500.0
4810,471.0
4811,500.0
4812,344.0
4813,500.0
4814,458.0
4815,412.0
4816,500.0
4817,475.0
4818,500.0
4819,500.0
4820,219.0
4821,452.0
4822,270.0
4823,500.0
4824,500.0
4825,218.0
4826,500.0
4827,373.0
4828,500.0
4829,500.0
4830,500.0
4831,500.0
4832,500.0
4833,500.0
4834,500.0
4835,500.0
4836,500.0
4837,500.0
4838,500.0
4839,234.0
4840,241.0
4841,500.0
4842,287.0
4843,500.0
4844,216.0
4845,500.0
4846,500.0
4847,484.0
4848,500.0
4849,500.0
4850,500.0
4851,500.0
4852,500.0
4853,500.0
4854,500.0
4855,500.0
4856,128.0
4857,135.0
4858,157.0
4859,134.0
4860,464.0
4861,265.0
4862,500.0
4863,500.0
4864,500.0
4865,426.0
4866,408.0
4867,426.0
4868,395.0
4869,457.0
4870,500.0
4871,337.0
4872,435.0
4873,357.0
4874,396.0
4875,362.0
4876,362.0
4877,412.0
4878,500.0
4879,349.0
4880,500.0
4881,500.0
4882,500.0
4883,500.0
4884,500.0
4885,500.0
4886,181.0
4887,500.0
4888,500.0
4889,410.0
4890,500.0
4891,429.0
4892,182.0
4893,326.0
4894,500.0
4895,468.0
4896,172.0
4897,476.0
4898,310.0
4899,282.0
4900,384.0
4901,500.0
4902,500.0
4903,500.0
4904,333.0
4905,376.0
4906,381.0
4907,500.0
4908,500.0
4909,500.0
4910,500.0
4911,410.0
4912,119.0
4913,365.0
4914,500.0
4915,500.0
4916,500.0
4917,490.0
4918,500.0
4919,500.0
4920,384.0
4921,361.0
4922,314.0
4923,358.0
4924,378.0
4925,335.0
4926,500.0
4927,395.0
4928,500.0
4929,356.0
4930,500.0
4931,178.0
4932,160.0
4933,164.0
4934,434.0
4935,500.0
4936,500.0
4937,253.0
4938,163.0
4939,148.0
4940,189.0
4941,500.0
4942,391.0
4943,346.0
4944,338.0
4945,353.0
4946,331.0
4947,409.0
4948,342.0
4949,500.0
4950,439.0
4951,342.0
4952,385.0
4953,500.0
4954,366.0
4955,407.0
4956,290.0
4957,500.0
4958,348.0
4959,370.0
4960,500.0
4961,500.0
4962,410.0
4963,500.0
4964,500.0
4965,500.0
4966,500.0
4967,500.0
4968,12.0
4969,166.0
4970,10.0
4971,11.0
4972,10.0
4973,12.0
4974,11.0
4975,11.0
4976,10.0
4977,500.0
4978,306.0
4979,226.0
4980,224.0
4981,261.0
4982,391.0
4983,500.0
4984,500.0
4985,500.0
4986,500.0
4987,500.0
4988,500.0
4989,500.0
4990,500.0
4991,500.0
4992,500.0
4993,500.0
4994,500.0
4995,500.0
4996,500.0
4997,358.0
4998,500.0
4999,500.0
5000,500.0
5001,500.0
5002,500.0
5003,500.0
5004,204.0
5005,500.0
5006,443.0
5007,500.0
5008,500.0
5009,500.0
5010,500.0
5011,500.0
5012,500.0
5013,224.0
5014,500.0
5015,500.0
5016,400.0
5017,214.0
5018,500.0
5019,500.0
5020,500.0
5021,500.0
5022,500.0
5023,500.0
5024,500.0
5025,500.0
5026,500.0
5027,500.0
5028,500.0
5029,500.0
5030,500.0
5031,500.0
5032,500.0
5033,500.0
5034,500.0
5035,251.0
5036,264.0
5037,496.0
5038,176.0
5039,500.0
5040,500.0
5041,500.0
5042,500.0
5043,220.0
5044,500.0
5045,500.0
5046,155.0
5047,179.0
5048,500.0
5049,500.0
5050,178.0
5051,181.0
5052,159.0
5053,239.0
5054,190.0
5055,151.0
5056,309.0
5057,225.0
5058,157.0
5059,164.0
5060,183.0
5061,162.0
5062,132.0
5063,147.0
5064,164.0
5065,500.0
5066,430.0
5067,188.0
5068,181.0
5069,283.0
5070,209.0
5071,215.0
5072,500.0
5073,170.0
5074,161.0
5075,161.0
5076,141.0
5077,146.0
5078,143.0
5079,136.0
5080,138.0
5081,139.0
5082,138.0
5083,500.0
5084,500.0
5085,500.0
5086,500.0
5087,500.0
5088,500.0
5089,321.0
5090,196.0
5091,221.0
5092,272.0
5093,500.0
5094,157.0
5095,150.0
5096,134.0
5097,500.0
5098,500.0
5099,398.0
5100,500.0
5101,500.0
5102,500.0
5103,500.0
5104,500.0
5105,500.0
5106,500.0
5107,500.0
5108,500.0
5109,500.0
5110,500.0
5111,500.0
5112,500.0
5113,226.0
5114,166.0
5115,210.0
5116,500.0
5117,500.0
5118,500.0
5119,500.0
5120,500.0
5121,162.0
5122,500.0
5123,500.0
5124,500.0
5125,249.0
5126,500.0
5127,500.0
5128,500.0
5129,500.0
5130,277.0
5131,223.0
5132,240.0
5133,188.0
5134,217.0
5135,437.0
5136,199.0
5137,209.0
5138,242.0
5139,500.0
5140,305.0
5141,135.0
5142,140.0
5143,136.0
5144,500.0
5145,500.0
5146,500.0
5147,500.0
5148,500.0
5149,469.0
5150,218.0
5151,188.0
5152,174.0
5153,45.0
5154,34.0
5155,34.0
5156,42.0
5157,437.0
5158,195.0
5159,230.0
5160,332.0
5161,500.0
5162,180.0
5163,500.0
5164,209.0
5165,500.0
5166,207.0
5167,219.0
5168,144.0
5169,187.0
5170,185.0
5171,500.0
5172,500.0
5173,500.0
5174,500.0
5175,500.0
5176,500.0
5177,500.0
5178,500.0
5179,177.0
5180,184.0
5181,181.0
5182,161.0
5183,170.0
5184,167.0
5185,161.0
5186,170.0
5187,182.0
5188,178.0
5189,194.0
5190,203.0
5191,197.0
5192,192.0
5193,213.0
5194,217.0
5195,392.0
5196,231.0
5197,246.0
5198,377.0
5199,344.0
5200,269.0
5201,500.0
5202,500.0
5203,500.0
5204,15.0
5205,19.0
5206,18.0
5207,14.0
5208,12.0
5209,12.0
5210,15.0
5211,12.0
5212,17.0
5213,17.0
5214,21.0
5215,32.0
5216,13.0
5217,19.0
5218,20.0
5219,15.0
5220,19.0
5221,13.0
5222,17.0
5223,15.0
5224,22.0
5225,16.0
5226,22.0
5227,23.0
5228,28.0
5229,29.0
5230,123.0
5231,331.0
5232,171.0
5233,302.0
5234,348.0
5235,268.0
5236,273.0
5237,279.0
5238,280.0
5239,316.0
5240,329.0
5241,286.0
5242,350.0
5243,500.0
5244,430.0
5245,500.0
5246,500.0
5247,500.0
5248,409.0
5249,500.0
5250,500.0
5251,500.0
5252,500.0
5253,500.0
5254,500.0
5255,214.0
5256,238.0
5257,500.0
5258,500.0
5259,500.0
5260,500.0
5261,172.0
5262,500.0
5263,500.0
5264,500.0
5265,500.0
5266,131.0
5267,236.0
5268,500.0
5269,500.0
5270,423.0
5271,221.0
5272,167.0
5273,430.0
5274,266.0
5275,280.0
5276,379.0
5277,323.0
5278,136.0
5279,110.0
5280,255.0
5281,102.0
5282,117.0
5283,117.0
5284,484.0
5285,308.0
5286,344.0
5287,83.0
5288,101.0
5289,190.0
5290,78.0
5291,106.0
5292,70.0
5293,93.0
5294,103.0
5295,500.0
5296,261.0
5297,455.0
5298,165.0
5299,296.0
5300,316.0
5301,370.0
5302,173.0
5303,250.0
5304,294.0
5305,368.0
5306,294.0
5307,229.0
5308,217.0
5309,500.0
5310,163.0
5311,239.0
5312,175.0
5313,183.0
5314,222.0
5315,193.0
5316,253.0
5317,191.0
5318,500.0
5319,362.0
5320,478.0
5321,215.0
5322,347.0
5323,181.0
5324,166.0
5325,191.0
5326,202.0
5327,193.0
5328,184.0
5329,282.0
5330,197.0
5331,199.0
5332,187.0
5333,186.0
5334,177.0
5335,188.0
5336,198.0
5337,228.0
5338,205.0
5339,243.0
5340,306.0
5341,257.0
5342,260.0
5343,243.0
5344,215.0
5345,289.0
5346,311.0
5347,359.0
5348,332.0
5349,500.0
5350,500.0
5351,500.0
5352,326.0
5353,188.0
5354,130.0
5355,135.0
5356,100.0
5357,97.0
5358,104.0
5359,99.0
5360,110.0
5361,112.0
5362,28.0
5363,98.0
5364,99.0
5365,99.0
5366,100.0
5367,130.0
5368,135.0
5369,132.0
5370,500.0
5371,500.0
5372,500.0
5373,500.0
5374,500.0
5375,500.0
5376,500.0
5377,500.0
5378,500.0
5379,500.0
5380,500.0
5381,500.0
5382,500.0
5383,500.0
5384,500.0
5385,500.0
5386,500.0
5387,500.0
5388,500.0
5389,500.0
5390,500.0
5391,500.0
5392,500.0
5393,12.0
5394,500.0
5395,500.0
5396,500.0
5397,500.0
5398,186.0
5399,500.0
5400,386.0
5401,185.0
5402,230.0
5403,500.0
5404,453.0
5405,131.0
5406,148.0
5407,159.0
5408,400.0
5409,149.0
5410,204.0
5411,153.0
5412,173.0
5413,147.0
5414,133.0
5415,136.0
5416,121.0
5417,146.0
5418,137.0
5419,117.0
5420,126.0
5421,130.0
5422,110.0
5423,117.0
5424,118.0
5425,124.0
5426,134.0
5427,128.0
5428,138.0
5429,141.0
5430,127.0
5431,127.0
5432,135.0
5433,123.0
5434,149.0
5435,123.0
5436,129.0
5437,125.0
5438,131.0
5439,126.0
5440,136.0
5441,124.0
5442,108.0
5443,127.0
5444,122.0
5445,112.0
5446,116.0
5447,120.0
5448,136.0
5449,116.0
5450,110.0
5451,83.0
5452,132.0
5453,133.0
5454,132.0
5455,128.0
5456,148.0
5457,131.0
5458,138.0
5459,149.0
5460,145.0
5461,141.0
5462,155.0
5463,147.0
5464,152.0
5465,187.0
5466,161.0
5467,255.0
5468,174.0
5469,189.0
5470,102.0
5471,133.0
5472,125.0
5473,341.0
5474,191.0
5475,214.0
5476,256.0
5477,262.0
5478,299.0
5479,187.0
5480,129.0
5481,171.0
5482,500.0
5483,500.0
5484,500.0
5485,500.0
5486,500.0
5487,500.0
5488,500.0
5489,500.0
5490,500.0
5491,500.0
5492,500.0
5493,500.0
5494,500.0
5495,500.0
5496,500.0
5497,500.0
5498,500.0
5499,500.0
5500,500.0
5501,500.0
5502,500.0
5503,500.0
5504,61.0
5505,169.0
5506,225.0
5507,318.0
5508,186.0
5509,500.0
5510,500.0
5511,500.0
5512,320.0
5513,500.0
5514,500.0
5515,500.0
5516,500.0
5517,500.0
5518,500.0
5519,253.0
5520,500.0
5521,500.0
5522,422.0
5523,478.0
5524,500.0
5525,500.0
5526,500.0
5527,500.0
5528,500.0
5529,500.0
5530,500.0
5531,500.0
5532,380.0
5533,55.0
5534,119.0
5535,480.0
5536,500.0
5537,500.0
5538,500.0
5539,500.0
5540,500.0
5541,500.0
5542,500.0
5543,500.0
5544,500.0
5545,500.0
5546,500.0
5547,500.0
5548,500.0
5549,500.0
5550,500.0
5551,500.0
5552,500.0
5553,500.0
5554,500.0
5555,500.0
5556,500.0
5557,377.0
5558,234.0
5559,216.0
5560,183.0
5561,166.0
5562,165.0
5563,236.0
5564,500.0
5565,250.0
5566,387.0
5567,327.0
5568,500.0
5569,500.0
5570,500.0
5571,12.0
5572,500.0
5573,500.0
5574,500.0
5575,500.0
5576,500.0
5577,500.0
5578,500.0
5579,500.0
5580,500.0
5581,500.0
5582,500.0
5583,500.0
5584,500.0
5585,500.0
5586,500.0
5587,500.0
5588,500.0
5589,500.0
5590,500.0
5591,500.0
5592,263.0
5593,500.0
5594,500.0
5595,500.0
5596,500.0
5597,500.0
5598,362.0
5599,248.0
5600,237.0
5601,500.0
5602,267.0
5603,221.0
5604,297.0
5605,500.0
5606,500.0
5607,500.0
5608,500.0
5609,500.0
5610,500.0
5611,500.0
5612,500.0
5613,500.0
5614,500.0
5615,500.0
5616,432.0
5617,500.0
5618,500.0
5619,500.0
5620,500.0
5621,374.0
5622,500.0
5623,168.0
5624,159.0
5625,207.0
5626,500.0
5627,500.0
5628,217.0
5629,447.0
5630,312.0
5631,214.0
5632,148.0
5633,208.0
5634,480.0
5635,157.0
5636,151.0
5637,212.0
5638,500.0
5639,383.0
5640,130.0
5641,121.0
5642,500.0
5643,142.0
5644,500.0
5645,500.0
5646,500.0
5647,500.0
5648,500.0
5649,500.0
5650,384.0
5651,500.0
5652,500.0
5653,333.0
5654,500.0
5655,186.0
5656,500.0
5657,403.0
5658,196.0
5659,202.0
5660,500.0
5661,500.0
5662,247.0
5663,500.0
5664,500.0
5665,481.0
5666,500.0
5667,500.0
5668,500.0
5669,442.0
5670,380.0
5671,245.0
5672,140.0
5673,201.0
5674,221.0
5675,397.0
5676,134.0
5677,267.0
5678,131.0
5679,308.0
5680,242.0
5681,382.0
5682,119.0
5683,140.0
5684,363.0
5685,102.0
5686,118.0
5687,348.0
5688,396.0
5689,373.0
5690,500.0
5691,431.0
5692,500.0
5693,500.0
5694,500.0
5695,500.0
5696,500.0
5697,500.0
5698,500.0
5699,500.0
5700,500.0
5701,500.0
5702,500.0
5703,500.0
5704,500.0
5705,500.0
5706,500.0
5707,217.0
5708,110.0
5709,393.0
5710,500.0
5711,161.0
5712,500.0
5713,337.0
5714,471.0
5715,500.0
5716,500.0
5717,500.0
5718,438.0
5719,217.0
5720,138.0
5721,141.0
5722,156.0
5723,174.0
5724,165.0
5725,133.0
5726,202.0
5727,216.0
5728,500.0
5729,500.0
5730,500.0
5731,500.0
5732,500.0
5733,500.0
5734,500.0
5735,500.0
5736,500.0
5737,500.0
5738,395.0
5739,500.0
5740,500.0
5741,500.0
5742,169.0
5743,158.0
5744,163.0
5745,466.0
5746,215.0
5747,500.0
5748,206.0
5749,167.0
5750,350.0
5751,306.0
5752,254.0
5753,147.0
5754,185.0
5755,120.0
5756,127.0
5757,157.0
5758,294.0
5759,317.0
5760,330.0
5761,380.0
5762,294.0
5763,500.0
5764,345.0
5765,304.0
5766,375.0
5767,312.0
5768,298.0
5769,350.0
5770,500.0
5771,353.0
5772,500.0
5773,500.0
5774,500.0
5775,500.0
5776,500.0
5777,500.0
5778,500.0
5779,500.0
5780,500.0
5781,500.0
5782,319.0
5783,394.0
5784,500.0
5785,12.0
5786,500.0
5787,500.0
5788,500.0
5789,500.0
5790,208.0
5791,500.0
5792,500.0
5793,500.0
5794,500.0
5795,500.0
5796,500.0
5797,500.0
5798,500.0
5799,500.0
5800,500.0
5801,500.0
5802,500.0
5803,500.0
5804,500.0
5805,303.0
5806,125.0
5807,133.0
5808,190.0
5809,500.0
5810,500.0
5811,500.0
5812,500.0
5813,500.0
5814,500.0
5815,500.0
5816,500.0
5817,500.0
5818,500.0
5819,500.0
5820,202.0
5821,378.0
5822,500.0
5823,500.0
5824,500.0
5825,418.0
5826,369.0
5827,486.0
5828,417.0
5829,500.0
5830,401.0
5831,500.0
5832,500.0
5833,500.0
5834,500.0
5835,500.0
5836,500.0
5837,335.0
5838,500.0
5839,500.0
5840,378.0
5841,350.0
5842,482.0
5843,500.0
5844,500.0
5845,130.0
5846,147.0
5847,140.0
5848,500.0
5849,500.0
5850,165.0
5851,500.0
5852,500.0
5853,500.0
5854,500.0
5855,500.0
5856,403.0
5857,121.0
5858,129.0
5859,500.0
5860,500.0
5861,500.0
5862,500.0
5863,500.0
5864,500.0
5865,500.0
5866,500.0
5867,500.0
5868,295.0
5869,197.0
5870,180.0
5871,158.0
5872,500.0
5873,500.0
5874,225.0
5875,287.0
5876,193.0
5877,187.0
5878,30.0
5879,12.0
5880,16.0
5881,36.0
5882,108.0
5883,116.0
5884,488.0
5885,500.0
5886,500.0
5887,500.0
5888,500.0
5889,500.0
5890,500.0
5891,500.0
5892,500.0
5893,500.0
5894,500.0
5895,500.0
5896,500.0
5897,500.0
5898,500.0
5899,500.0
5900,500.0
5901,500.0
5902,500.0
5903,500.0
5904,500.0
5905,500.0
5906,500.0
5907,500.0
5908,500.0
5909,500.0
5910,500.0
5911,500.0
5912,500.0
5913,500.0
5914,500.0
5915,500.0
5916,300.0
5917,365.0
5918,500.0
5919,500.0
5920,500.0
5921,500.0
5922,500.0
5923,246.0
5924,500.0
5925,500.0
5926,500.0
5927,500.0
5928,500.0
5929,500.0
5930,500.0
5931,500.0
5932,500.0
5933,500.0
5934,500.0
5935,500.0
5936,214.0
5937,437.0
5938,500.0
5939,340.0
5940,405.0
5941,129.0
5942,139.0
5943,500.0
5944,500.0
5945,500.0
5946,244.0
5947,159.0
5948,218.0
5949,500.0
5950,500.0
5951,500.0
5952,500.0
5953,142.0
5954,153.0
5955,208.0
5956,157.0
5957,187.0
5958,138.0
5959,199.0
5960,500.0
5961,159.0
5962,132.0
5963,134.0
5964,132.0
5965,118.0
5966,119.0
5967,131.0
5968,135.0
5969,130.0
5970,500.0
5971,500.0
5972,336.0
5973,152.0
5974,163.0
5975,267.0
5976,154.0
5977,500.0
5978,439.0
5979,9.0
5980,211.0
5981,500.0
5982,146.0
5983,362.0
5984,500.0
5985,97.0
5986,32.0
5987,12.0
5988,10.0
5989,48.0
5990,11.0
5991,49.0
5992,32.0
5993,12.0
5994,94.0
5995,13.0
5996,500.0
5997,500.0
5998,500.0
5999,500.0
6000,284.0
6001,225.0
6002,185.0
6003,500.0
6004,230.0
6005,177.0
6006,186.0
6007,188.0
6008,218.0
6009,320.0
6010,153.0
6011,330.0
6012,239.0
6013,250.0
6014,259.0
6015,344.0
6016,176.0
6017,304.0
6018,198.0
6019,238.0
6020,202.0
6021,183.0
6022,194.0
6023,216.0
6024,197.0
6025,500.0
6026,254.0
6027,500.0
6028,500.0
6029,500.0
6030,500.0
6031,500.0
6032,324.0
6033,261.0
6034,252.0
6035,452.0
6036,500.0
6037,500.0
6038,240.0
6039,211.0
6040,150.0
6041,133.0
6042,128.0
6043,116.0
6044,131.0
6045,92.0
6046,97.0
6047,158.0
6048,156.0
6049,350.0
6050,279.0
6051,149.0
6052,321.0
6053,500.0
6054,500.0
6055,500.0
6056,500.0
6057,500.0
6058,500.0
6059,500.0
6060,500.0
6061,500.0
6062,500.0
6063,500.0
6064,500.0
6065,500.0
6066,500.0
6067,500.0
6068,500.0
6069,500.0
6070,500.0
6071,500.0
6072,500.0
6073,272.0
6074,500.0
6075,500.0
6076,500.0
6077,500.0
6078,500.0
6079,196.0
6080,197.0
6081,500.0
6082,180.0
6083,500.0
6084,228.0
6085,500.0
6086,500.0
6087,500.0
6088,500.0
6089,500.0
6090,500.0
6091,500.0
6092,372.0
6093,500.0
6094,500.0
6095,500.0
6096,500.0
6097,500.0
6098,292.0
6099,500.0
6100,500.0
6101,500.0
6102,500.0
6103,500.0
6104,500.0
6105,500.0
6106,207.0
6107,500.0
6108,500.0
6109,500.0
6110,500.0
6111,500.0
6112,500.0
6113,500.0
6114,237.0
6115,185.0
6116,397.0
6117,159.0
6118,141.0
6119,158.0
6120,158.0
6121,146.0
6122,129.0
6123,108.0
6124,150.0
6125,118.0
6126,99.0
6127,111.0
6128,120.0
6129,102.0
6130,118.0
6131,94.0
6132,118.0
6133,167.0
6134,124.0
6135,75.0
6136,103.0
6137,107.0
6138,108.0
6139,289.0
6140,131.0
6141,153.0
6142,166.0
6143,159.0
6144,304.0
6145,500.0
6146,500.0
6147,500.0
6148,500.0
6149,500.0
6150,455.0
6151,170.0
6152,190.0
6153,152.0
6154,159.0
6155,180.0
6156,180.0
6157,202.0
6158,158.0
6159,158.0
6160,175.0
6161,157.0
6162,170.0
6163,176.0
6164,350.0
6165,142.0
6166,112.0
6167,141.0
6168,164.0
6169,140.0
6170,143.0
6171,296.0
6172,301.0
6173,321.0
6174,320.0
6175,343.0
6176,433.0
6177,500.0
6178,500.0
6179,500.0
6180,500.0
6181,500.0
6182,500.0
6183,500.0
6184,311.0
6185,138.0
6186,118.0
6187,184.0
6188,500.0
6189,500.0
6190,500.0
6191,500.0
6192,401.0
6193,135.0
6194,156.0
6195,163.0
6196,313.0
6197,139.0
6198,142.0
6199,119.0
6200,144.0
6201,135.0
6202,142.0
6203,131.0
6204,143.0
6205,145.0
6206,157.0
6207,125.0
6208,123.0
6209,116.0
6210,119.0
6211,152.0
6212,146.0
6213,166.0
6214,146.0
6215,118.0
6216,149.0
6217,160.0
6218,152.0
6219,336.0
6220,146.0
6221,193.0
6222,330.0
6223,321.0
6224,369.0
6225,287.0
6226,261.0
6227,175.0
6228,195.0
6229,115.0
6230,233.0
6231,202.0
6232,162.0
6233,182.0
6234,160.0
6235,154.0
6236,179.0
6237,161.0
6238,157.0
6239,169.0
6240,172.0
6241,158.0
6242,182.0
6243,428.0
6244,392.0
6245,182.0
6246,500.0
6247,475.0
6248,405.0
6249,455.0
6250,397.0
6251,382.0
6252,358.0
6253,376.0
6254,334.0
6255,500.0
6256,224.0
6257,352.0
6258,335.0
6259,323.0
6260,328.0
6261,377.0
6262,330.0
6263,381.0
6264,314.0
6265,323.0
6266,375.0
6267,195.0
6268,164.0
6269,171.0
6270,159.0
6271,171.0
6272,364.0
6273,357.0
6274,302.0
6275,388.0
6276,338.0
6277,347.0
6278,311.0
6279,338.0
6280,326.0
6281,348.0
6282,381.0
6283,328.0
6284,392.0
6285,436.0
6286,491.0
6287,500.0
6288,500.0
6289,500.0
6290,500.0
6291,500.0
6292,500.0
6293,500.0
6294,500.0
6295,484.0
6296,197.0
6297,500.0
6298,285.0
6299,500.0
6300,279.0
6301,299.0
6302,311.0
6303,136.0
6304,144.0
6305,153.0
6306,344.0
6307,332.0
6308,500.0
6309,500.0
6310,354.0
6311,500.0
6312,347.0
6313,333.0
6314,252.0
6315,500.0
6316,360.0
6317,327.0
6318,316.0
6319,321.0
6320,292.0
6321,369.0
6322,294.0
6323,291.0
6324,286.0
6325,500.0
6326,360.0
6327,500.0
6328,319.0
6329,500.0
6330,500.0
6331,500.0
6332,500.0
6333,500.0
6334,500.0
6335,500.0
6336,500.0
6337,500.0
6338,500.0
6339,500.0
6340,500.0
6341,500.0
6342,500.0
6343,500.0
6344,500.0
6345,500.0
6346,500.0
6347,500.0
6348,500.0
6349,500.0
6350,500.0
6351,500.0
6352,500.0
6353,500.0
6354,500.0
6355,500.0
6356,500.0
6357,500.0
6358,10.0
6359,9.0
6360,10.0
6361,10.0
6362,12.0
6363,11.0
6364,11.0
6365,9.0
6366,10.0
6367,11.0
6368,12.0
6369,10.0
6370,9.0
6371,11.0
6372,9.0
6373,8.0
6374,9.0
6375,10.0
6376,12.0
6377,120.0
6378,500.0
6379,500.0
6380,500.0
6381,393.0
6382,349.0
6383,417.0
6384,309.0
6385,308.0
6386,279.0
6387,336.0
6388,290.0
6389,247.0
6390,282.0
6391,258.0
6392,287.0
6393,305.0
6394,252.0
6395,267.0
6396,238.0
6397,382.0
6398,500.0
6399,500.0
6400,228.0
6401,421.0
6402,452.0
6403,500.0
6404,447.0
6405,500.0
6406,500.0
6407,500.0
6408,379.0
6409,500.0
6410,321.0
6411,297.0
6412,294.0
6413,500.0
6414,500.0
6415,500.0
6416,500.0
6417,500.0
6418,500.0
6419,500.0
6420,500.0
6421,500.0
6422,500.0
6423,500.0
6424,500.0
6425,500.0
6426,500.0
6427,500.0
6428,500.0
6429,500.0
6430,500.0
6431,500.0
6432,500.0
6433,202.0
6434,277.0
6435,152.0
6436,212.0
6437,330.0
6438,275.0
6439,344.0
6440,444.0
6441,183.0
6442,152.0
6443,125.0
6444,128.0
6445,121.0
6446,132.0
6447,139.0
6448,170.0
6449,161.0
6450,179.0
6451,180.0
6452,229.0
6453,169.0
6454,184.0
6455,155.0
6456,152.0
6457,161.0
6458,177.0
6459,266.0
6460,153.0
6461,177.0
6462,202.0
6463,242.0
6464,179.0
6465,183.0
6466,179.0
6467,250.0
6468,218.0
6469,416.0
6470,324.0
6471,374.0
6472,165.0
6473,500.0
6474,180.0
6475,500.0
6476,500.0
6477,172.0
6478,211.0
6479,305.0
6480,320.0
6481,500.0
6482,472.0
6483,500.0
6484,273.0
6485,305.0
6486,500.0
6487,500.0
6488,500.0
6489,500.0
6490,500.0
6491,453.0
6492,338.0
6493,348.0
6494,410.0
6495,462.0
6496,488.0
6497,334.0
6498,354.0
6499,423.0
6500,132.0
6501,125.0
6502,330.0
6503,362.0
6504,346.0
6505,434.0
6506,435.0
6507,500.0
6508,500.0
6509,500.0
6510,454.0
6511,401.0
6512,336.0
6513,378.0
6514,401.0
6515,250.0
6516,194.0
6517,351.0
6518,500.0
6519,500.0
6520,500.0
6521,500.0
6522,351.0
6523,309.0
6524,500.0
6525,316.0
6526,310.0
6527,453.0
6528,390.0
6529,500.0
6530,291.0
6531,405.0
6532,145.0
6533,500.0
6534,500.0
6535,500.0
6536,500.0
6537,500.0
6538,500.0
6539,500.0
6540,316.0
6541,500.0
6542,500.0
6543,485.0
6544,500.0
6545,264.0
6546,335.0
6547,500.0
6548,500.0
6549,292.0
6550,268.0
6551,209.0
6552,261.0
6553,500.0
6554,500.0
6555,273.0
6556,270.0
6557,272.0
6558,262.0
6559,296.0
6560,391.0
6561,500.0
6562,500.0
6563,424.0
6564,433.0
6565,500.0
6566,231.0
6567,244.0
6568,255.0
6569,500.0
6570,500.0
6571,265.0
6572,195.0
6573,213.0
6574,500.0
6575,372.0
6576,300.0
6577,318.0
6578,344.0
6579,224.0
6580,290.0
6581,27.0
6582,132.0
6583,23.0
6584,161.0
6585,149.0
6586,131.0
6587,148.0
6588,150.0
6589,164.0
6590,194.0
6591,242.0
6592,232.0
6593,159.0
6594,242.0
6595,449.0
6596,500.0
6597,500.0
6598,500.0
6599,500.0
6600,500.0
6601,500.0
6602,500.0
6603,500.0
6604,500.0
6605,500.0
6606,500.0
6607,500.0
6608,500.0
6609,173.0
6610,500.0
6611,500.0
6612,500.0
6613,500.0
6614,500.0
6615,500.0
6616,500.0
6617,500.0
6618,500.0
6619,500.0
6620,149.0
6621,500.0
6622,500.0
6623,500.0
6624,500.0
6625,500.0
6626,251.0
6627,500.0
6628,500.0
6629,500.0
6630,271.0
6631,164.0
6632,500.0
6633,500.0
6634,500.0
6635,400.0
6636,500.0
6637,500.0
6638,500.0
6639,500.0
6640,500.0
6641,500.0
6642,500.0
6643,446.0
6644,500.0
6645,183.0
6646,500.0
6647,500.0
6648,500.0
6649,500.0
6650,500.0
6651,500.0
6652,500.0
6653,500.0
6654,500.0
6655,500.0
6656,500.0
6657,500.0
6658,500.0
6659,500.0
6660,500.0
6661,361.0
6662,500.0
6663,393.0
6664,500.0
6665,217.0
6666,194.0
6667,135.0
6668,156.0
6669,132.0
6670,500.0
6671,500.0
6672,500.0
6673,500.0
6674,500.0
6675,500.0
6676,442.0
6677,142.0
6678,148.0
6679,147.0
6680,500.0
6681,500.0
6682,500.0
6683,500.0
6684,500.0
6685,500.0
6686,500.0
6687,437.0
6688,500.0
6689,500.0
6690,248.0
6691,241.0
6692,164.0
6693,500.0
6694,500.0
6695,500.0
6696,500.0
6697,500.0
6698,500.0
6699,412.0
6700,130.0
6701,190.0
6702,369.0
6703,468.0
6704,500.0
6705,269.0
6706,500.0
6707,500.0
6708,500.0
6709,500.0
6710,500.0
6711,369.0
6712,500.0
6713,500.0
6714,500.0
6715,500.0
6716,500.0
6717,500.0
6718,500.0
6719,500.0
6720,500.0
6721,500.0
6722,184.0
6723,500.0
6724,92.0
6725,118.0
6726,113.0
6727,135.0
6728,125.0
6729,117.0
6730,136.0
6731,140.0
6732,181.0
6733,70.0
6734,86.0
6735,80.0
6736,94.0
6737,201.0
6738,500.0
6739,312.0
6740,500.0
6741,187.0
6742,304.0
6743,227.0
6744,231.0
6745,500.0
6746,500.0
6747,500.0
6748,500.0
6749,500.0
6750,500.0
6751,429.0
6752,296.0
6753,149.0
6754,500.0
6755,500.0
6756,500.0
6757,306.0
6758,500.0
6759,500.0
6760,267.0
6761,500.0
6762,500.0
6763,500.0
6764,500.0
6765,500.0
6766,500.0
6767,177.0
6768,177.0
6769,171.0
6770,170.0
6771,171.0
6772,169.0
6773,162.0
6774,180.0
6775,200.0
6776,342.0
6777,500.0
6778,359.0
6779,182.0
6780,200.0
6781,11.0
6782,224.0
6783,218.0
6784,239.0
6785,263.0
6786,287.0
6787,315.0
6788,218.0
6789,380.0
6790,235.0
6791,296.0
6792,266.0
6793,317.0
6794,318.0
6795,383.0
6796,500.0
6797,500.0
6798,500.0
6799,500.0
6800,500.0
6801,500.0
6802,500.0
6803,500.0
6804,500.0
6805,500.0
6806,500.0
6807,500.0
6808,500.0
6809,500.0
6810,500.0
6811,500.0
6812,500.0
6813,500.0
6814,500.0
6815,500.0
6816,500.0
6817,500.0
6818,500.0
6819,500.0
6820,375.0
6821,239.0
6822,500.0
6823,138.0
6824,500.0
6825,500.0
6826,329.0
6827,500.0
6828,500.0
6829,500.0
6830,500.0
6831,449.0
6832,500.0
6833,500.0
6834,500.0
6835,500.0
6836,500.0
6837,500.0
6838,500.0
6839,368.0
6840,265.0
6841,309.0
6842,54.0
6843,274.0
6844,293.0
6845,230.0
6846,214.0
6847,238.0
6848,264.0
6849,214.0
6850,250.0
6851,195.0
6852,249.0
6853,258.0
6854,295.0
6855,280.0
6856,239.0
6857,275.0
6858,320.0
6859,298.0
6860,249.0
6861,246.0
6862,267.0
6863,461.0
6864,415.0
6865,395.0
6866,490.0
6867,356.0
6868,351.0
6869,317.0
6870,391.0
6871,346.0
6872,293.0
6873,238.0
6874,500.0
6875,500.0
6876,500.0
6877,500.0
6878,500.0
6879,299.0
6880,420.0
6881,500.0
6882,431.0
6883,406.0
6884,500.0
6885,385.0
6886,500.0
6887,179.0
6888,104.0
6889,57.0
6890,500.0
6891,500.0
6892,500.0
6893,500.0
6894,500.0
6895,500.0
6896,500.0
6897,18.0
6898,23.0
6899,23.0
6900,500.0
6901,500.0
6902,94.0
6903,55.0
6904,75.0
6905,78.0
6906,143.0
6907,500.0
6908,500.0
6909,356.0
6910,151.0
6911,500.0
6912,500.0
6913,173.0
6914,500.0
6915,500.0
6916,500.0
6917,500.0
6918,500.0
6919,500.0
6920,241.0
6921,84.0
6922,76.0
6923,500.0
6924,95.0
6925,500.0
6926,500.0
6927,439.0
6928,308.0
6929,500.0
6930,500.0
6931,500.0
6932,500.0
6933,500.0
6934,73.0
6935,500.0
6936,500.0
6937,387.0
6938,387.0
6939,271.0
6940,332.0
6941,500.0
6942,500.0
6943,500.0
6944,322.0
6945,381.0
6946,500.0
6947,500.0
6948,500.0
6949,500.0
6950,500.0
6951,500.0
6952,356.0
6953,361.0
6954,260.0
6955,500.0
6956,500.0
6957,500.0
6958,341.0
6959,135.0
6960,140.0
6961,128.0
6962,165.0
6963,253.0
6964,271.0
6965,500.0
6966,500.0
6967,500.0
6968,275.0
6969,397.0
6970,336.0
6971,500.0
6972,500.0
6973,500.0
6974,500.0
6975,500.0
6976,500.0
6977,500.0
6978,408.0
6979,500.0
6980,385.0
6981,500.0
6982,500.0
6983,135.0
6984,118.0
6985,23.0
6986,30.0
6987,34.0
6988,26.0
6989,132.0
6990,260.0
6991,500.0
6992,500.0
6993,500.0
6994,500.0
6995,500.0
6996,500.0
6997,500.0
6998,500.0
6999,500.0
7000,500.0
7001,500.0
7002,500.0
7003,11.0
7004,500.0
7005,13.0
7006,500.0
7007,500.0
7008,500.0
7009,500.0
7010,500.0
7011,500.0
7012,500.0
7013,500.0
7014,500.0
7015,500.0
7016,500.0
7017,500.0
7018,500.0
7019,500.0
7020,500.0
7021,500.0
7022,500.0
7023,500.0
7024,500.0
7025,500.0
7026,500.0
7027,500.0
7028,500.0
7029,500.0
7030,500.0
7031,59.0
7032,104.0
7033,115.0
7034,500.0
7035,65.0
7036,88.0
7037,80.0
7038,100.0
7039,146.0
7040,153.0
7041,130.0
7042,500.0
7043,500.0
7044,500.0
7045,500.0
7046,500.0
7047,500.0
7048,500.0
7049,51.0
7050,500.0
7051,500.0
7052,500.0
7053,500.0
7054,500.0
7055,500.0
7056,500.0
7057,500.0
7058,500.0
7059,500.0
7060,500.0
7061,500.0
7062,181.0
7063,214.0
7064,144.0
7065,143.0
7066,140.0
7067,173.0
7068,190.0
7069,185.0
7070,500.0
7071,139.0
7072,140.0
7073,151.0
7074,175.0
7075,257.0
7076,141.0
7077,151.0
7078,166.0
7079,182.0
7080,201.0
7081,500.0
7082,165.0
7083,156.0
7084,180.0
7085,210.0
7086,180.0
7087,197.0
7088,222.0
7089,215.0
7090,210.0
7091,189.0
7092,196.0
7093,221.0
7094,213.0
7095,230.0
7096,247.0
7097,500.0
7098,222.0
7099,288.0
7100,500.0
7101,206.0
7102,233.0
7103,500.0
7104,500.0
7105,51.0
7106,42.0
7107,31.0
7108,25.0
7109,22.0
7110,500.0
7111,500.0
7112,229.0
7113,299.0
7114,183.0
7115,340.0
7116,500.0
7117,500.0
7118,500.0
7119,500.0
7120,500.0
7121,500.0
7122,500.0
7123,500.0
7124,500.0
7125,500.0
7126,500.0
7127,500.0
7128,500.0
7129,500.0
7130,500.0
7131,500.0
7132,500.0
7133,500.0
7134,500.0
7135,500.0
7136,500.0
7137,500.0
7138,202.0
7139,340.0
7140,368.0
7141,234.0
7142,164.0
7143,141.0
7144,139.0
7145,127.0
7146,90.0
7147,102.0
7148,18.0
7149,19.0
7150,81.0
7151,17.0
7152,17.0
7153,74.0
7154,20.0
7155,15.0
7156,17.0
7157,65.0
7158,14.0
7159,18.0
7160,16.0
7161,14.0
7162,15.0
7163,15.0
7164,14.0
7165,14.0
7166,15.0
7167,17.0
7168,19.0
7169,17.0
7170,66.0
7171,59.0
7172,16.0
7173,18.0
7174,17.0
7175,15.0
7176,67.0
7177,78.0
7178,500.0
7179,500.0
7180,500.0
7181,500.0
7182,500.0
7183,500.0
7184,402.0
7185,308.0
7186,305.0
7187,283.0
7188,259.0
7189,242.0
7190,235.0
7191,227.0
7192,221.0
7193,229.0
7194,202.0
7195,201.0
7196,188.0
7197,182.0
7198,189.0
7199,185.0
7200,171.0
7201,163.0
7202,157.0
7203,165.0
7204,170.0
7205,165.0
7206,154.0
7207,154.0
7208,153.0
7209,150.0
7210,156.0
7211,161.0
7212,164.0
7213,74.0
7214,40.0
7215,26.0
7216,9.0
7217,9.0
7218,30.0
7219,9.0
7220,11.0
7221,13.0
7222,11.0
7223,9.0
7224,10.0
7225,9.0
7226,12.0
7227,160.0
7228,152.0
7229,141.0
7230,144.0
7231,147.0
7232,137.0
7233,142.0
7234,137.0
7235,144.0
7236,153.0
7237,158.0
7238,164.0
7239,168.0
7240,194.0
7241,231.0
7242,255.0
7243,500.0
7244,306.0
7245,500.0
7246,396.0
7247,500.0
7248,500.0
7249,500.0
7250,500.0
7251,500.0
7252,500.0
7253,500.0
7254,500.0
7255,500.0
7256,222.0
7257,201.0
7258,500.0
7259,500.0
7260,500.0
7261,500.0
7262,500.0
7263,500.0
7264,500.0
7265,500.0
7266,181.0
7267,500.0
7268,224.0
7269,483.0
7270,320.0
7271,477.0
7272,500.0
7273,261.0
7274,500.0
7275,322.0
7276,217.0
7277,361.0
7278,213.0
7279,500.0
7280,278.0
7281,115.0
7282,124.0
7283,10.0
7284,10.0
7285,146.0
7286,153.0
7287,131.0
7288,129.0
7289,500.0
7290,272.0
7291,175.0
7292,120.0
7293,114.0
7294,265.0
7295,226.0
7296,125.0
7297,154.0
7298,276.0
7299,164.0
7300,500.0
7301,500.0
7302,265.0
7303,500.0
7304,500.0
7305,141.0
7306,30.0
7307,137.0
7308,500.0
7309,500.0
7310,184.0
7311,500.0
7312,139.0
7313,16.0
7314,142.0
7315,500.0
7316,500.0
7317,191.0
7318,164.0
7319,314.0
7320,342.0
7321,169.0
7322,211.0
7323,206.0
7324,500.0
7325,500.0
7326,258.0
7327,500.0
7328,500.0
7329,120.0
7330,143.0
7331,500.0
7332,500.0
7333,153.0
7334,197.0
7335,191.0
7336,500.0
7337,500.0
7338,180.0
7339,500.0
7340,176.0
7341,191.0
7342,196.0
7343,500.0
7344,191.0
7345,500.0
7346,500.0
7347,500.0
7348,500.0
7349,500.0
7350,500.0
7351,500.0
7352,500.0
7353,500.0
7354,500.0
7355,500.0
7356,500.0
7357,500.0
7358,500.0
7359,500.0
7360,500.0
7361,500.0
7362,500.0
7363,500.0
7364,500.0
7365,500.0
7366,500.0
7367,500.0
7368,500.0
7369,500.0
7370,200.0
7371,164.0
7372,500.0
7373,249.0
7374,169.0
7375,500.0
7376,12.0
7377,12.0
7378,10.0
7379,12.0
7380,11.0
7381,9.0
7382,9.0
7383,500.0
7384,500.0
7385,500.0
7386,500.0
7387,500.0
7388,500.0
7389,500.0
7390,500.0
7391,140.0
7392,500.0
7393,500.0
7394,500.0
7395,500.0
7396,500.0
7397,451.0
7398,500.0
7399,500.0
7400,500.0
7401,500.0
7402,500.0
7403,500.0
7404,500.0
7405,250.0
7406,500.0
7407,165.0
7408,500.0
7409,500.0
7410,500.0
7411,500.0
7412,500.0
7413,500.0
7414,500.0
7415,500.0
7416,500.0
7417,470.0
7418,398.0
7419,390.0
7420,194.0
7421,180.0
7422,148.0
7423,434.0
7424,130.0
7425,217.0
7426,464.0
7427,500.0
7428,161.0
7429,176.0
7430,35.0
7431,36.0
7432,123.0
7433,118.0
7434,420.0
7435,251.0
7436,245.0
7437,273.0
7438,172.0
7439,500.0
7440,455.0
7441,254.0
7442,163.0
7443,198.0
7444,433.0
7445,274.0
7446,253.0
7447,134.0
7448,222.0
7449,261.0
7450,500.0
7451,155.0
7452,500.0
7453,192.0
7454,175.0
7455,150.0
7456,152.0
7457,162.0
7458,159.0
7459,166.0
7460,371.0
7461,500.0
7462,500.0
7463,500.0
7464,500.0
7465,500.0
7466,500.0
7467,500.0
7468,500.0
7469,444.0
7470,143.0
7471,500.0
7472,159.0
7473,154.0
7474,170.0
7475,500.0
7476,500.0
7477,500.0
7478,500.0
7479,500.0
7480,500.0
7481,500.0
7482,500.0
7483,500.0
7484,500.0
7485,500.0
7486,500.0
7487,500.0
7488,500.0
7489,500.0
7490,500.0
7491,500.0
7492,500.0
7493,160.0
7494,214.0
7495,500.0
7496,500.0
7497,500.0
7498,500.0
7499,142.0
7500,180.0
7501,500.0
7502,173.0
7503,177.0
7504,232.0
7505,500.0
7506,500.0
7507,500.0
7508,500.0
7509,500.0
7510,196.0
7511,500.0
7512,500.0
7513,159.0
7514,131.0
7515,138.0
7516,138.0
7517,148.0
7518,141.0
7519,150.0
7520,500.0
7521,500.0
7522,500.0
7523,500.0
7524,500.0
7525,500.0
7526,138.0
7527,500.0
7528,500.0
7529,117.0
7530,500.0
7531,500.0
7532,131.0
7533,165.0
7534,114.0
7535,136.0
7536,155.0
7537,500.0
7538,500.0
7539,500.0
7540,500.0
7541,500.0
7542,500.0
7543,381.0
7544,500.0
7545,496.0
7546,164.0
7547,131.0
7548,126.0
7549,20.0
7550,117.0
7551,114.0
7552,30.0
7553,17.0
7554,14.0
7555,113.0
7556,108.0
7557,121.0
7558,113.0
7559,118.0
7560,105.0
7561,120.0
7562,106.0
7563,112.0
7564,115.0
7565,114.0
7566,119.0
7567,122.0
7568,141.0
7569,165.0
7570,157.0
7571,156.0
7572,231.0
7573,159.0
7574,160.0
7575,218.0
7576,185.0
7577,174.0
7578,142.0
7579,145.0
7580,155.0
7581,135.0
7582,164.0
7583,163.0
7584,157.0
7585,500.0
7586,500.0
7587,500.0
7588,500.0
7589,500.0
7590,500.0
7591,500.0
7592,157.0
7593,144.0
7594,124.0
7595,145.0
7596,124.0
7597,127.0
7598,184.0
7599,256.0
7600,138.0
7601,156.0
7602,142.0
7603,288.0
7604,144.0
7605,147.0
7606,134.0
7607,177.0
7608,256.0
7609,148.0
7610,168.0
7611,164.0
7612,500.0
7613,400.0
7614,500.0
7615,500.0
7616,259.0
7617,500.0
7618,229.0
7619,264.0
7620,211.0
7621,500.0
7622,200.0
7623,500.0
7624,500.0
7625,500.0
7626,190.0
7627,230.0
7628,198.0
7629,227.0
7630,240.0
7631,500.0
7632,500.0
7633,500.0
7634,315.0
7635,255.0
7636,389.0
7637,500.0
7638,500.0
7639,500.0
7640,308.0
7641,268.0
7642,251.0
7643,306.0
7644,365.0
7645,500.0
7646,461.0
7647,293.0
7648,264.0
7649,271.0
7650,269.0
7651,383.0
7652,371.0
7653,355.0
7654,366.0
7655,402.0
7656,307.0
7657,303.0
7658,500.0
7659,500.0
7660,408.0
7661,457.0
7662,500.0
7663,500.0
7664,443.0
7665,500.0
7666,373.0
7667,231.0
7668,26.0
7669,107.0
7670,184.0
7671,39.0
7672,37.0
7673,29.0
7674,78.0
7675,32.0
7676,32.0
7677,40.0
7678,72.0
7679,500.0
7680,500.0
7681,500.0
7682,500.0
7683,500.0
7684,500.0
7685,500.0
7686,26.0
7687,10.0
7688,27.0
7689,10.0
7690,10.0
7691,196.0
7692,11.0
7693,10.0
7694,11.0
7695,11.0
7696,10.0
7697,10.0
7698,12.0
7699,11.0
7700,10.0
7701,10.0
7702,11.0
7703,11.0
7704,11.0
7705,11.0
7706,11.0
7707,10.0
7708,11.0
7709,11.0
7710,12.0
7711,233.0
7712,500.0
7713,500.0
7714,500.0
7715,500.0
7716,500.0
7717,500.0
7718,500.0
7719,500.0
7720,500.0
7721,500.0
7722,500.0
7723,500.0
7724,500.0
7725,500.0
7726,500.0
7727,500.0
7728,500.0
7729,500.0
7730,500.0
7731,500.0
7732,500.0
7733,233.0
7734,200.0
7735,199.0
7736,201.0
7737,211.0
7738,219.0
7739,192.0
7740,203.0
7741,200.0
7742,197.0
7743,200.0
7744,211.0
7745,226.0
7746,212.0
7747,200.0
7748,212.0
7749,208.0
7750,209.0
7751,209.0
7752,254.0
7753,238.0
7754,227.0
7755,275.0
7756,232.0
7757,209.0
7758,231.0
7759,219.0
7760,230.0
7761,227.0
7762,246.0
7763,227.0
7764,222.0
7765,232.0
7766,226.0
7767,209.0
7768,226.0
7769,225.0
7770,220.0
7771,246.0
7772,241.0
7773,232.0
7774,237.0
7775,233.0
7776,228.0
7777,233.0
7778,234.0
7779,230.0
7780,224.0
7781,230.0
7782,231.0
7783,248.0
7784,232.0
7785,231.0
7786,240.0
7787,256.0
7788,265.0
7789,269.0
7790,296.0
7791,305.0
7792,306.0
7793,383.0
7794,154.0
7795,357.0
7796,374.0
7797,382.0
7798,500.0
7799,360.0
7800,500.0
7801,500.0
7802,356.0
7803,383.0
7804,500.0
7805,500.0
7806,500.0
7807,500.0
7808,500.0
7809,500.0
7810,500.0
7811,500.0
7812,500.0
7813,500.0
7814,500.0
7815,500.0
7816,500.0
7817,397.0
7818,252.0
7819,255.0
7820,238.0
7821,220.0
7822,208.0
7823,213.0
7824,233.0
7825,203.0
7826,177.0
7827,204.0
7828,175.0
7829,171.0
7830,158.0
7831,157.0
7832,155.0
7833,183.0
7834,187.0
7835,165.0
7836,201.0
7837,210.0
7838,173.0
7839,211.0
7840,277.0
7841,223.0
7842,225.0
7843,263.0
7844,262.0
7845,278.0
7846,307.0
7847,267.0
7848,284.0
7849,236.0
7850,329.0
7851,292.0
7852,318.0
7853,402.0
7854,500.0
7855,404.0
7856,347.0
7857,488.0
7858,320.0
7859,500.0
7860,314.0
7861,500.0
7862,375.0
7863,500.0
7864,206.0
7865,500.0
7866,464.0
7867,500.0
7868,500.0
7869,500.0
7870,500.0
7871,500.0
7872,500.0
7873,500.0
7874,500.0
7875,158.0
7876,165.0
7877,500.0
7878,164.0
7879,244.0
7880,163.0
7881,154.0
7882,500.0
7883,500.0
7884,156.0
7885,168.0
7886,145.0
7887,132.0
7888,130.0
7889,133.0
7890,130.0
7891,128.0
7892,129.0
7893,128.0
7894,122.0
7895,120.0
7896,117.0
7897,117.0
7898,117.0
7899,124.0
7900,125.0
7901,123.0
7902,112.0
7903,122.0
7904,122.0
7905,124.0
7906,121.0
7907,126.0
7908,120.0
7909,131.0
7910,131.0
7911,129.0
7912,128.0
7913,131.0
7914,134.0
7915,130.0
7916,500.0
7917,136.0
7918,125.0
7919,142.0
7920,132.0
7921,476.0
7922,500.0
7923,500.0
7924,500.0
7925,500.0
7926,500.0
7927,500.0
7928,500.0
7929,500.0
7930,344.0
7931,145.0
7932,118.0
7933,500.0
7934,500.0
7935,500.0
7936,138.0
7937,447.0
7938,500.0
7939,500.0
7940,500.0
7941,500.0
7942,354.0
7943,500.0
7944,472.0
7945,146.0
7946,146.0
7947,158.0
7948,185.0
7949,177.0
7950,163.0
7951,157.0
7952,167.0
7953,167.0
7954,165.0
7955,272.0
7956,500.0
7957,230.0
7958,250.0
7959,500.0
7960,457.0
7961,406.0
7962,488.0
7963,177.0
7964,500.0
7965,344.0
7966,500.0
7967,159.0
7968,38.0
7969,204.0
7970,188.0
7971,424.0
7972,252.0
7973,221.0
7974,144.0
7975,157.0
7976,287.0
7977,151.0
7978,154.0
7979,172.0
7980,173.0
7981,208.0
7982,149.0
7983,169.0
7984,375.0
7985,156.0
7986,145.0
7987,147.0
7988,248.0
7989,272.0
7990,208.0
7991,220.0
7992,317.0
7993,156.0
7994,500.0
7995,412.0
7996,500.0
7997,500.0
7998,500.0
7999,500.0
8000,500.0
8001,500.0
8002,500.0
8003,215.0
8004,334.0
8005,500.0
8006,290.0
8007,267.0
8008,377.0
8009,323.0
8010,500.0
8011,327.0
8012,352.0
8013,173.0
8014,500.0
8015,500.0
8016,500.0
8017,384.0
8018,424.0
8019,271.0
8020,500.0
8021,211.0
8022,452.0
8023,367.0
8024,351.0
8025,365.0
8026,500.0
8027,471.0
8028,500.0
8029,432.0
8030,419.0
8031,257.0
8032,410.0
8033,500.0
8034,209.0
8035,410.0
8036,500.0
8037,500.0
8038,404.0
8039,500.0
8040,500.0
8041,429.0
8042,500.0
8043,500.0
8044,500.0
8045,500.0
8046,500.0
8047,500.0
8048,500.0
8049,500.0
8050,500.0
8051,500.0
8052,500.0
8053,500.0
8054,500.0
8055,428.0
8056,500.0
8057,500.0
8058,500.0
8059,500.0
8060,500.0
8061,500.0
8062,500.0
8063,500.0
8064,500.0
8065,500.0
8066,500.0
8067,500.0
8068,500.0
8069,500.0
8070,500.0
8071,337.0
8072,420.0
8073,162.0
8074,310.0
8075,102.0
8076,62.0
8077,17.0
8078,32.0
8079,16.0
8080,23.0
8081,37.0
8082,39.0
8083,29.0
8084,62.0
8085,350.0
8086,500.0
8087,500.0
8088,500.0
8089,500.0
8090,500.0
8091,500.0
8092,500.0
8093,500.0
8094,500.0
8095,421.0
8096,500.0
8097,500.0
8098,500.0
8099,500.0
8100,500.0
8101,500.0
8102,500.0
8103,500.0
8104,500.0
8105,500.0
8106,500.0
8107,500.0
8108,500.0
8109,197.0
8110,187.0
8111,500.0
8112,249.0
8113,231.0
8114,276.0
8115,291.0
8116,261.0
8117,262.0
8118,308.0
8119,275.0
8120,287.0
8121,324.0
8122,500.0
8123,500.0
8124,500.0
8125,500.0
8126,500.0
8127,500.0
8128,500.0
8129,500.0
8130,500.0
8131,500.0
8132,500.0
8133,500.0
8134,500.0
8135,500.0
8136,500.0
8137,500.0
8138,206.0
8139,62.0
8140,12.0
8141,44.0
8142,10.0
8143,11.0
8144,10.0
8145,40.0
8146,12.0
8147,12.0
8148,201.0
8149,500.0
8150,494.0
8151,500.0
8152,500.0
8153,500.0
8154,500.0
8155,500.0
8156,500.0
8157,354.0
8158,457.0
8159,500.0
8160,500.0
8161,395.0
8162,463.0
8163,500.0
8164,259.0
8165,180.0
8166,182.0
8167,15.0
8168,14.0
8169,12.0
8170,13.0
8171,16.0
8172,17.0
8173,14.0
8174,200.0
8175,201.0
8176,343.0
8177,347.0
8178,500.0
8179,468.0
8180,500.0
8181,500.0
8182,500.0
8183,500.0
8184,500.0
8185,500.0
8186,500.0
8187,500.0
8188,500.0
8189,500.0
8190,500.0
8191,500.0
8192,500.0
8193,500.0
8194,500.0
8195,500.0
8196,500.0
8197,500.0
8198,500.0
8199,500.0
8200,500.0
8201,500.0
8202,500.0
8203,500.0
8204,236.0
8205,239.0
8206,500.0
8207,221.0
8208,245.0
8209,500.0
8210,236.0
8211,275.0
8212,204.0
8213,181.0
8214,196.0
8215,236.0
8216,500.0
8217,273.0
8218,297.0
8219,241.0
8220,500.0
8221,294.0
8222,500.0
8223,169.0
8224,154.0
8225,155.0
8226,124.0
8227,145.0
8228,108.0
8229,104.0
8230,113.0
8231,110.0
8232,176.0
8233,104.0
8234,99.0
8235,98.0
8236,88.0
8237,103.0
8238,106.0
8239,124.0
8240,108.0
8241,102.0
8242,103.0
8243,104.0
8244,103.0
8245,98.0
8246,100.0
8247,105.0
8248,100.0
8249,106.0
8250,101.0
8251,99.0
8252,109.0
8253,106.0
8254,102.0
8255,105.0
8256,103.0
8257,104.0
8258,100.0
8259,104.0
8260,100.0
8261,106.0
8262,14.0
8263,105.0
8264,111.0
8265,110.0
8266,117.0
8267,123.0
8268,164.0
8269,218.0
8270,155.0
8271,132.0
8272,134.0
8273,150.0
8274,169.0
8275,201.0
8276,225.0
8277,215.0
8278,192.0
8279,211.0
8280,168.0
8281,147.0
8282,146.0
8283,133.0
8284,138.0
8285,130.0
8286,148.0
8287,173.0
8288,141.0
8289,132.0
8290,147.0
8291,128.0
8292,136.0
8293,120.0
8294,122.0
8295,134.0
8296,141.0
8297,149.0
8298,150.0
8299,151.0
8300,144.0
8301,150.0
8302,134.0
8303,132.0
8304,145.0
8305,157.0
8306,335.0
8307,287.0
8308,144.0
8309,146.0
8310,155.0
8311,138.0
8312,171.0
8313,125.0
8314,124.0
8315,329.0
8316,500.0
8317,500.0
8318,500.0
8319,271.0
8320,274.0
8321,274.0
8322,300.0
8323,277.0
8324,260.0
8325,298.0
8326,292.0
8327,299.0
8328,156.0
8329,156.0
8330,151.0
8331,157.0
8332,174.0
8333,11.0
8334,148.0
8335,149.0
8336,208.0
8337,252.0
8338,205.0
8339,332.0
8340,500.0
8341,162.0
8342,174.0
8343,181.0
8344,345.0
8345,354.0
8346,337.0
8347,375.0
8348,500.0
8349,500.0
8350,500.0
8351,500.0
8352,258.0
8353,500.0
8354,489.0
8355,500.0
8356,500.0
8357,500.0
8358,500.0
8359,500.0
8360,440.0
8361,500.0
8362,500.0
8363,500.0
8364,500.0
8365,500.0
8366,500.0
8367,387.0
8368,410.0
8369,500.0
8370,500.0
8371,500.0
8372,500.0
8373,500.0
8374,500.0
8375,500.0
8376,500.0
8377,500.0
8378,409.0
8379,500.0
8380,500.0
8381,500.0
8382,500.0
8383,500.0
8384,500.0
8385,500.0
8386,500.0
8387,500.0
8388,500.0
8389,500.0
8390,500.0
8391,500.0
8392,500.0
8393,500.0
8394,500.0
8395,500.0
8396,500.0
8397,500.0
8398,500.0
8399,500.0
8400,500.0
8401,500.0
8402,500.0
8403,500.0
8404,500.0
8405,500.0
8406,321.0
8407,196.0
8408,12.0
8409,11.0
8410,11.0
8411,12.0
8412,9.0
8413,9.0
8414,8.0
8415,10.0
8416,9.0
8417,11.0
8418,8.0
8419,9.0
8420,9.0
8421,10.0
8422,9.0
8423,10.0
8424,11.0
8425,12.0
8426,10.0
8427,10.0
8428,10.0
8429,10.0
8430,8.0
8431,10.0
8432,11.0
8433,10.0
8434,10.0
8435,12.0
8436,11.0
8437,10.0
8438,10.0
8439,8.0
8440,9.0
8441,8.0
8442,10.0
8443,9.0
8444,10.0
8445,10.0
8446,9.0
8447,9.0
8448,11.0
8449,10.0
8450,10.0
8451,9.0
8452,8.0
8453,10.0
8454,11.0
8455,10.0
8456,10.0
8457,10.0
8458,14.0
8459,10.0
8460,12.0
8461,12.0
8462,13.0
8463,366.0
8464,309.0
8465,330.0
8466,342.0
8467,500.0
8468,500.0
8469,433.0
8470,500.0
8471,295.0
8472,287.0
8473,247.0
8474,246.0
8475,200.0
8476,252.0
8477,218.0
8478,260.0
8479,205.0
8480,241.0
8481,199.0
8482,229.0
8483,210.0
8484,248.0
8485,264.0
8486,214.0
8487,196.0
8488,247.0
8489,241.0
8490,300.0
8491,500.0
8492,500.0
8493,500.0
8494,500.0
8495,324.0
8496,262.0
8497,245.0
8498,272.0
8499,232.0
8500,248.0
8501,204.0
8502,210.0
8503,219.0
8504,213.0
8505,202.0
8506,205.0
8507,202.0
8508,194.0
8509,177.0
8510,218.0
8511,500.0
8512,183.0
8513,170.0
8514,167.0
8515,217.0
8516,180.0
8517,177.0
8518,500.0
8519,222.0
8520,208.0
8521,500.0
8522,500.0
8523,500.0
8524,500.0
8525,500.0
8526,500.0
8527,500.0
8528,500.0
8529,176.0
8530,145.0
8531,153.0
8532,286.0
8533,491.0
8534,500.0
8535,500.0
8536,500.0
8537,452.0
8538,463.0
8539,246.0
8540,480.0
8541,485.0
8542,500.0
8543,237.0
8544,500.0
8545,500.0
8546,473.0
8547,385.0
8548,500.0
8549,403.0
8550,451.0
8551,499.0
8552,450.0
8553,469.0
8554,500.0
8555,491.0
8556,442.0
8557,500.0
8558,500.0
8559,500.0
8560,500.0
8561,389.0
8562,500.0
8563,500.0
8564,500.0
8565,500.0
8566,500.0
8567,500.0
8568,363.0
8569,500.0
8570,268.0
8571,359.0
8572,385.0
8573,330.0
8574,356.0
8575,500.0
8576,500.0
8577,345.0
8578,322.0
8579,319.0
8580,236.0
8581,339.0
8582,420.0
8583,205.0
8584,188.0
8585,427.0
8586,434.0
8587,204.0
8588,500.0
8589,410.0
8590,483.0
8591,368.0
8592,324.0
8593,312.0
8594,388.0
8595,381.0
8596,344.0
8597,500.0
8598,350.0
8599,393.0
8600,318.0
8601,356.0
8602,326.0
8603,283.0
8604,358.0
8605,393.0
8606,311.0
8607,323.0
8608,313.0
8609,482.0
8610,391.0
8611,456.0
8612,381.0
8613,265.0
8614,202.0
8615,364.0
8616,233.0
8617,246.0
8618,362.0
8619,404.0
8620,177.0
8621,277.0
8622,319.0
8623,429.0
8624,387.0
8625,312.0
8626,275.0
8627,325.0
8628,335.0
8629,500.0
8630,225.0
8631,273.0
8632,385.0
8633,277.0
8634,254.0
8635,263.0
8636,385.0
8637,271.0
8638,271.0
8639,280.0
8640,306.0
8641,290.0
8642,310.0
8643,500.0
8644,295.0
8645,451.0
8646,300.0
8647,500.0
8648,348.0
8649,259.0
8650,500.0
8651,500.0
8652,456.0
8653,428.0
8654,500.0
8655,138.0
8656,166.0
8657,500.0
8658,500.0
8659,473.0
8660,294.0
8661,500.0
8662,500.0
8663,229.0
8664,282.0
8665,273.0
8666,500.0
8667,500.0
8668,500.0
8669,500.0
8670,500.0
8671,171.0
8672,185.0
8673,167.0
8674,176.0
8675,193.0
8676,500.0
8677,197.0
8678,207.0
8679,223.0
8680,221.0
8681,201.0
8682,168.0
8683,166.0
8684,181.0
8685,369.0
8686,500.0
8687,206.0
8688,412.0
8689,229.0
8690,189.0
8691,198.0
8692,139.0
8693,124.0
8694,161.0
8695,157.0
8696,191.0
8697,225.0
8698,145.0
8699,199.0
8700,272.0
8701,160.0
8702,260.0
8703,117.0
8704,344.0
8705,203.0
8706,97.0
8707,86.0
8708,103.0
8709,128.0
8710,196.0
8711,173.0
8712,160.0
8713,190.0
8714,258.0
8715,181.0
8716,355.0
8717,500.0
8718,400.0
8719,500.0
8720,500.0
8721,500.0
8722,500.0
8723,500.0
8724,500.0
8725,500.0
8726,500.0
8727,500.0
8728,500.0
8729,500.0
8730,158.0
8731,199.0
8732,500.0
8733,500.0
8734,500.0
8735,249.0
8736,162.0
8737,478.0
8738,500.0
8739,500.0
8740,500.0
8741,218.0
8742,134.0
8743,500.0
8744,500.0
8745,218.0
8746,363.0
8747,268.0
8748,137.0
8749,133.0
8750,119.0
8751,115.0
8752,500.0
8753,381.0
8754,271.0
8755,100.0
8756,113.0
8757,133.0
8758,114.0
8759,161.0
8760,170.0
8761,335.0
8762,310.0
8763,287.0
8764,408.0
8765,213.0
8766,67.0
8767,65.0
8768,55.0
8769,57.0
8770,74.0
8771,80.0
8772,115.0
8773,157.0
8774,211.0
8775,128.0
8776,310.0
8777,247.0
8778,288.0
8779,382.0
8780,312.0
8781,321.0
8782,258.0
8783,328.0
8784,500.0
8785,305.0
8786,342.0
8787,417.0
8788,327.0
8789,500.0
8790,500.0
8791,361.0
8792,500.0
8793,500.0
8794,317.0
8795,313.0
8796,500.0
8797,287.0
8798,279.0
8799,307.0
8800,295.0
8801,329.0
8802,329.0
8803,313.0
8804,500.0
8805,291.0
8806,288.0
8807,500.0
8808,118.0
8809,99.0
8810,92.0
8811,103.0
8812,102.0
8813,204.0
8814,323.0
8815,286.0
8816,207.0
8817,191.0
8818,188.0
8819,136.0
8820,123.0
8821,127.0
8822,109.0
8823,122.0
8824,157.0
8825,400.0
8826,318.0
8827,419.0
8828,187.0
8829,354.0
8830,187.0
8831,464.0
8832,176.0
8833,174.0
8834,173.0
8835,371.0
8836,287.0
8837,394.0
8838,323.0
8839,396.0
8840,191.0
8841,451.0
8842,289.0
8843,291.0
8844,195.0
8845,310.0
8846,441.0
8847,419.0
8848,369.0
8849,249.0
8850,293.0
8851,215.0
8852,178.0
8853,412.0
8854,410.0
8855,344.0
8856,315.0
8857,326.0
8858,124.0
8859,372.0
8860,205.0
8861,324.0
8862,312.0
8863,268.0
8864,413.0
8865,500.0
8866,357.0
8867,334.0
8868,282.0
8869,430.0
8870,500.0
8871,500.0
8872,244.0
8873,269.0
8874,222.0
8875,206.0
8876,241.0
8877,180.0
8878,158.0
8879,256.0
8880,252.0
8881,189.0
8882,346.0
8883,206.0
8884,468.0
8885,319.0
8886,290.0
8887,418.0
8888,500.0
8889,500.0
8890,359.0
8891,384.0
8892,419.0
8893,279.0
8894,352.0
8895,433.0
8896,256.0
8897,448.0
8898,500.0
8899,500.0
8900,500.0
8901,339.0
8902,500.0
8903,500.0
8904,204.0
8905,257.0
8906,400.0
8907,313.0
8908,182.0
8909,186.0
8910,170.0
8911,82.0
8912,223.0
8913,337.0
8914,259.0
8915,500.0
8916,500.0
8917,500.0
8918,314.0
8919,495.0
8920,197.0
8921,179.0
8922,168.0
8923,198.0
8924,365.0
8925,206.0
8926,255.0
8927,320.0
8928,500.0
8929,341.0
8930,475.0
8931,246.0
8932,500.0
8933,500.0
8934,500.0
8935,164.0
8936,266.0
8937,500.0
8938,500.0
8939,500.0
8940,247.0
8941,500.0
8942,500.0
8943,500.0
8944,316.0
8945,500.0
8946,144.0
8947,500.0
8948,500.0
8949,500.0
8950,271.0
8951,500.0
8952,500.0
8953,500.0
8954,432.0
8955,255.0
8956,34.0
8957,39.0
8958,37.0
8959,48.0
8960,53.0
8961,66.0
8962,143.0
8963,245.0
8964,179.0
8965,142.0
8966,172.0
8967,250.0
8968,206.0
8969,173.0
8970,275.0
8971,500.0
8972,500.0
8973,500.0
8974,500.0
8975,500.0
8976,500.0
8977,500.0
8978,500.0
8979,500.0
8980,500.0
8981,500.0
8982,500.0
8983,500.0
8984,500.0
8985,500.0
8986,500.0
8987,10.0
8988,500.0
8989,500.0
8990,500.0
8991,500.0
8992,500.0
8993,500.0
8994,500.0
8995,500.0
8996,500.0
8997,500.0
8998,500.0
8999,500.0
9000,500.0
9001,500.0
9002,500.0
9003,500.0
9004,500.0
9005,500.0
9006,500.0
9007,10.0
9008,9.0
9009,12.0
9010,12.0
9011,10.0
9012,9.0
9013,12.0
9014,10.0
9015,10.0
9016,11.0
9017,11.0
9018,11.0
9019,11.0
9020,10.0
9021,10.0
9022,10.0
9023,10.0
9024,11.0
9025,10.0
9026,10.0
9027,10.0
9028,16.0
9029,13.0
9030,500.0
9031,500.0
9032,363.0
9033,493.0
9034,427.0
9035,305.0
9036,441.0
9037,500.0
9038,305.0
9039,466.0
9040,471.0
9041,329.0
9042,284.0
9043,320.0
9044,300.0
9045,265.0
9046,314.0
9047,500.0
9048,346.0
9049,500.0
9050,500.0
9051,500.0
9052,500.0
9053,500.0
9054,500.0
9055,500.0
9056,500.0
9057,500.0
9058,500.0
9059,500.0
9060,500.0
9061,500.0
9062,500.0
9063,500.0
9064,500.0
9065,500.0
9066,500.0
9067,500.0
9068,500.0
9069,500.0
9070,500.0
9071,500.0
9072,500.0
9073,500.0
9074,500.0
9075,500.0
9076,500.0
9077,500.0
9078,500.0
9079,500.0
9080,500.0
9081,500.0
9082,500.0
9083,500.0
9084,500.0
9085,500.0
9086,500.0
9087,498.0
9088,282.0
9089,376.0
9090,500.0
9091,436.0
9092,476.0
9093,500.0
9094,500.0
9095,463.0
9096,500.0
9097,379.0
9098,500.0
9099,283.0
9100,263.0
9101,500.0
9102,500.0
9103,352.0
9104,306.0
9105,500.0
9106,261.0
9107,298.0
9108,500.0
9109,395.0
9110,259.0
9111,429.0
9112,500.0
9113,284.0
9114,272.0
9115,500.0
9116,500.0
9117,500.0
9118,344.0
9119,464.0
9120,279.0
9121,322.0
9122,275.0
9123,299.0
9124,270.0
9125,285.0
9126,500.0
9127,306.0
9128,284.0
9129,500.0
9130,500.0
9131,500.0
9132,500.0
9133,500.0
9134,500.0
9135,500.0
9136,124.0
9137,500.0
9138,291.0
9139,248.0
9140,500.0
9141,496.0
9142,500.0
9143,450.0
9144,466.0
9145,293.0
9146,294.0
9147,375.0
9148,500.0
9149,442.0
9150,500.0
9151,500.0
9152,500.0
9153,500.0
9154,500.0
9155,500.0
9156,401.0
9157,305.0
9158,500.0
9159,500.0
9160,500.0
9161,500.0
9162,500.0
9163,500.0
9164,71.0
9165,500.0
9166,500.0
9167,500.0
9168,500.0
9169,500.0
9170,408.0
9171,290.0
9172,316.0
9173,438.0
9174,96.0
9175,247.0
9176,454.0
9177,253.0
9178,456.0
9179,293.0
9180,274.0
9181,323.0
9182,500.0
9183,500.0
9184,500.0
9185,54.0
9186,58.0
9187,329.0
9188,73.0
9189,378.0
9190,336.0
9191,347.0
9192,293.0
9193,267.0
9194,232.0
9195,204.0
9196,253.0
9197,252.0
9198,500.0
9199,500.0
9200,500.0
9201,500.0
9202,500.0
9203,500.0
9204,500.0
9205,500.0
9206,500.0
9207,500.0
9208,500.0
9209,500.0
9210,500.0
9211,391.0
9212,264.0
9213,224.0
9214,204.0
9215,216.0
9216,104.0
9217,153.0
9218,177.0
9219,121.0
9220,147.0
9221,124.0
9222,214.0
9223,209.0
9224,153.0
9225,226.0
9226,128.0
9227,90.0
9228,99.0
9229,74.0
9230,77.0
9231,85.0
9232,92.0
9233,96.0
9234,99.0
9235,96.0
9236,103.0
9237,11.0
9238,11.0
9239,10.0
9240,10.0
9241,9.0
9242,11.0
9243,10.0
9244,10.0
9245,11.0
9246,10.0
9247,10.0
9248,10.0
9249,10.0
9250,9.0
9251,123.0
9252,11.0
9253,10.0
9254,10.0
9255,11.0
9256,11.0
9257,10.0
9258,10.0
9259,13.0
9260,11.0
9261,10.0
9262,10.0
9263,11.0
9264,10.0
9265,10.0
9266,11.0
9267,66.0
9268,500.0
9269,500.0
9270,500.0
9271,86.0
9272,298.0
9273,64.0
9274,138.0
9275,257.0
9276,151.0
9277,69.0
9278,66.0
9279,61.0
9280,56.0
9281,70.0
9282,139.0
9283,165.0
9284,164.0
9285,177.0
9286,176.0
9287,178.0
9288,182.0
9289,192.0
9290,188.0
9291,209.0
9292,194.0
9293,239.0
9294,194.0
9295,194.0
9296,192.0
9297,194.0
9298,197.0
9299,192.0
9300,195.0
9301,182.0
9302,181.0
9303,183.0
9304,176.0
9305,163.0
9306,163.0
9307,172.0
9308,156.0
9309,167.0
9310,170.0
9311,152.0
9312,160.0
9313,146.0
9314,166.0
9315,163.0
9316,164.0
9317,173.0
9318,161.0
9319,173.0
9320,171.0
9321,164.0
9322,163.0
9323,180.0
9324,190.0
9325,181.0
9326,190.0
9327,207.0
9328,200.0
9329,216.0
9330,217.0
9331,243.0
9332,213.0
9333,230.0
9334,206.0
9335,207.0
9336,206.0
9337,200.0
9338,202.0
9339,220.0
9340,236.0
9341,234.0
9342,226.0
9343,277.0
9344,285.0
9345,500.0
9346,500.0
9347,500.0
9348,500.0
9349,500.0
9350,500.0
9351,218.0
9352,124.0
9353,101.0
9354,500.0
9355,500.0
9356,500.0
9357,500.0
9358,500.0
9359,500.0
9360,500.0
9361,500.0
9362,500.0
9363,500.0
9364,500.0
9365,500.0
9366,500.0
9367,500.0
9368,500.0
9369,500.0
9370,500.0
9371,500.0
9372,250.0
9373,342.0
9374,215.0
9375,192.0
9376,206.0
9377,249.0
9378,99.0
9379,75.0
9380,94.0
9381,94.0
9382,102.0
9383,100.0
9384,104.0
9385,112.0
9386,119.0
9387,108.0
9388,106.0
9389,106.0
9390,106.0
9391,29.0
9392,104.0
9393,27.0
9394,99.0
9395,104.0
9396,86.0
9397,20.0
9398,23.0
9399,25.0
9400,22.0
9401,19.0
9402,18.0
9403,19.0
9404,17.0
9405,18.0
9406,19.0
9407,16.0
9408,20.0
9409,21.0
9410,21.0
9411,23.0
9412,21.0
9413,16.0
9414,19.0
9415,19.0
9416,18.0
9417,17.0
9418,17.0
9419,20.0
9420,17.0
9421,15.0
9422,16.0
9423,12.0
9424,12.0
9425,13.0
9426,14.0
9427,13.0
9428,13.0
9429,11.0
9430,13.0
9431,13.0
9432,11.0
9433,13.0
9434,14.0
9435,11.0
9436,13.0
9437,12.0
9438,12.0
9439,14.0
9440,15.0
9441,14.0
9442,14.0
9443,15.0
9444,16.0
9445,16.0
9446,16.0
9447,13.0
9448,12.0
9449,15.0
9450,15.0
9451,13.0
9452,16.0
9453,16.0
9454,14.0
9455,16.0
9456,16.0
9457,15.0
9458,17.0
9459,19.0
9460,16.0
9461,15.0
9462,16.0
9463,18.0
9464,12.0
9465,14.0
9466,15.0
9467,16.0
9468,16.0
9469,18.0
9470,19.0
9471,18.0
9472,15.0
9473,14.0
9474,15.0
9475,20.0
9476,118.0
9477,140.0
9478,213.0
9479,500.0
9480,500.0
9481,500.0
9482,500.0
9483,470.0
9484,406.0
9485,337.0
9486,296.0
9487,279.0
9488,234.0
9489,286.0
9490,223.0
9491,225.0
9492,247.0
9493,251.0
9494,219.0
9495,221.0
9496,221.0
9497,203.0
9498,179.0
9499,197.0
9500,203.0
9501,222.0
9502,196.0
9503,187.0
9504,191.0
9505,220.0
9506,231.0
9507,217.0
9508,500.0
9509,500.0
9510,500.0
9511,500.0
9512,500.0
9513,500.0
9514,500.0
9515,500.0
9516,462.0
9517,433.0
9518,425.0
9519,390.0
9520,399.0
9521,420.0
9522,425.0
9523,401.0
9524,385.0
9525,260.0
9526,401.0
9527,430.0
9528,417.0
9529,500.0
9530,401.0
9531,378.0
9532,418.0
9533,500.0
9534,423.0
9535,384.0
9536,230.0
9537,316.0
9538,328.0
9539,351.0
9540,299.0
9541,309.0
9542,328.0
9543,371.0
9544,300.0
9545,290.0
9546,297.0
9547,299.0
9548,295.0
9549,312.0
9550,317.0
9551,363.0
9552,167.0
9553,315.0
9554,304.0
9555,500.0
9556,500.0
9557,500.0
9558,500.0
9559,500.0
9560,500.0
9561,500.0
9562,500.0
9563,500.0
9564,500.0
9565,500.0
9566,500.0
9567,188.0
9568,163.0
9569,146.0
9570,151.0
9571,151.0
9572,165.0
9573,164.0
9574,158.0
9575,136.0
9576,149.0
9577,472.0
9578,147.0
9579,215.0
9580,128.0
9581,145.0
9582,141.0
9583,161.0
9584,138.0
9585,127.0
9586,122.0
9587,121.0
9588,129.0
9589,31.0
9590,146.0
9591,405.0
9592,434.0
9593,441.0
9594,500.0
9595,321.0
9596,500.0
9597,500.0
9598,368.0
9599,159.0
9600,137.0
9601,141.0
9602,137.0
9603,132.0
9604,142.0
9605,135.0
9606,145.0
9607,128.0
9608,131.0
9609,144.0
9610,126.0
9611,121.0
9612,126.0
9613,126.0
9614,127.0
9615,137.0
9616,135.0
9617,137.0
9618,145.0
9619,141.0
9620,139.0
9621,147.0
9622,148.0
9623,146.0
9624,131.0
9625,134.0
9626,146.0
9627,136.0
9628,135.0
9629,131.0
9630,123.0
9631,124.0
9632,133.0
9633,126.0
9634,128.0
9635,129.0
9636,149.0
9637,138.0
9638,131.0
9639,230.0
9640,144.0
9641,156.0
9642,149.0
9643,208.0
9644,142.0
9645,145.0
9646,224.0
9647,140.0
9648,126.0
9649,128.0
9650,131.0
9651,148.0
9652,147.0
9653,500.0
9654,140.0
9655,160.0
9656,141.0
9657,144.0
9658,131.0
9659,500.0
9660,500.0
9661,466.0
9662,156.0
9663,500.0
9664,480.0
9665,500.0
9666,500.0
9667,500.0
9668,500.0
9669,500.0
9670,500.0
9671,500.0
9672,500.0
9673,500.0
9674,500.0
9675,500.0
9676,500.0
9677,500.0
9678,500.0
9679,500.0
9680,500.0
9681,500.0
9682,500.0
9683,500.0
9684,500.0
9685,500.0
9686,500.0
9687,149.0
9688,485.0
9689,146.0
9690,500.0
9691,154.0
9692,146.0
9693,137.0
9694,132.0
9695,134.0
9696,456.0
9697,428.0
9698,136.0
9699,154.0
9700,138.0
9701,130.0
9702,500.0
9703,500.0
9704,144.0
9705,500.0
9706,500.0
9707,500.0
9708,500.0
9709,500.0
9710,437.0
9711,500.0
9712,500.0
9713,500.0
9714,500.0
9715,500.0
9716,500.0
9717,159.0
9718,500.0
9719,500.0
9720,476.0
9721,173.0
9722,154.0
9723,500.0
9724,500.0
9725,257.0
9726,500.0
9727,500.0
9728,500.0
9729,500.0
9730,500.0
9731,149.0
9732,195.0
9733,329.0
9734,500.0
9735,500.0
9736,500.0
9737,500.0
9738,500.0
9739,500.0
9740,500.0
9741,500.0
9742,500.0
9743,500.0
9744,500.0
9745,500.0
9746,500.0
9747,500.0
9748,500.0
9749,500.0
9750,500.0
9751,500.0
9752,500.0
9753,500.0
9754,500.0
9755,500.0
9756,500.0
9757,500.0
9758,500.0
9759,500.0
9760,500.0
9761,500.0
9762,500.0
9763,500.0
9764,500.0
9765,500.0
9766,500.0
9767,500.0
9768,39.0
9769,27.0
9770,500.0
9771,500.0
9772,351.0
9773,500.0
9774,500.0
9775,500.0
9776,500.0
9777,333.0
9778,50.0
9779,65.0
9780,66.0
9781,65.0
9782,55.0
9783,48.0
9784,500.0
9785,186.0
9786,259.0
9787,148.0
9788,76.0
9789,55.0
9790,121.0
9791,301.0
9792,298.0
9793,500.0
9794,500.0
9795,500.0
9796,229.0
9797,500.0
9798,500.0
9799,500.0
9800,303.0
9801,500.0
9802,237.0
9803,401.0
9804,209.0
9805,201.0
9806,254.0
9807,191.0
9808,488.0
9809,191.0
9810,218.0
9811,229.0
9812,264.0
9813,230.0
9814,264.0
9815,245.0
9816,148.0
9817,154.0
9818,193.0
9819,152.0
9820,162.0
9821,182.0
9822,156.0
9823,146.0
9824,173.0
9825,157.0
9826,151.0
9827,212.0
9828,145.0
9829,134.0
9830,156.0
9831,150.0
9832,133.0
9833,128.0
9834,148.0
9835,166.0
9836,139.0
9837,160.0
9838,142.0
9839,170.0
9840,139.0
9841,137.0
9842,133.0
9843,127.0
9844,131.0
9845,145.0
9846,157.0
9847,142.0
9848,123.0
9849,126.0
9850,123.0
9851,127.0
9852,139.0
9853,129.0
9854,117.0
9855,122.0
9856,130.0
9857,127.0
9858,128.0
9859,130.0
9860,112.0
9861,118.0
9862,127.0
9863,115.0
9864,120.0
9865,120.0
9866,120.0
9867,83.0
9868,119.0
9869,119.0
9870,116.0
9871,113.0
9872,114.0
9873,12.0
9874,121.0
9875,111.0
9876,118.0
9877,108.0
9878,114.0
9879,128.0
9880,125.0
9881,139.0
9882,135.0
9883,121.0
9884,124.0
9885,139.0
9886,133.0
9887,126.0
9888,126.0
9889,130.0
9890,140.0
9891,140.0
9892,120.0
9893,138.0
9894,141.0
9895,150.0
9896,137.0
9897,85.0
9898,99.0
9899,82.0
9900,116.0
9901,122.0
9902,135.0
9903,136.0
9904,126.0
9905,126.0
9906,116.0
9907,134.0
9908,135.0
9909,129.0
9910,134.0
9911,124.0
9912,123.0
9913,90.0
9914,141.0
9915,122.0
9916,121.0
9917,84.0
9918,91.0
9919,79.0
9920,90.0
9921,82.0
9922,80.0
9923,84.0
9924,84.0
9925,78.0
9926,76.0
9927,86.0
9928,78.0
9929,80.0
9930,75.0
9931,73.0
9932,78.0
9933,77.0
9934,79.0
9935,80.0
9936,90.0
9937,77.0
9938,80.0
9939,89.0
9940,92.0
9941,89.0
9942,96.0
9943,95.0
9944,90.0
9945,94.0
9946,101.0
9947,96.0
9948,105.0
9949,99.0
9950,103.0
9951,112.0
9952,119.0
9953,109.0
9954,124.0
9955,118.0
9956,105.0
9957,121.0
9958,146.0
9959,135.0
9960,151.0
9961,147.0
9962,129.0
9963,118.0
9964,127.0
9965,137.0
9966,151.0
9967,138.0
9968,148.0
9969,136.0
9970,132.0
9971,116.0
9972,145.0
9973,175.0
9974,203.0
9975,221.0
9976,281.0
9977,282.0
9978,265.0
9979,342.0
9980,450.0
9981,500.0
9982,500.0
9983,487.0
9984,500.0
9985,500.0
9986,500.0
9987,500.0
9988,500.0
9989,500.0
9990,492.0
9991,412.0
9992,397.0
9993,500.0
9994,500.0
9995,365.0
9996,349.0
9997,373.0
9998,373.0
9999,298.0
10000,423.0
10001,500.0
10002,500.0
10003,500.0
10004,314.0
10005,414.0
10006,500.0
10007,500.0
10008,500.0
10009,320.0
10010,434.0
10011,500.0
10012,500.0
10013,364.0
10014,500.0
10015,500.0
10016,500.0
10017,500.0
10018,462.0
10019,463.0
10020,408.0
10021,348.0
10022,311.0
10023,485.0
10024,407.0
10025,500.0
10026,422.0
10027,473.0
10028,500.0
10029,354.0
10030,500.0
10031,500.0
10032,484.0
10033,500.0
10034,500.0
10035,442.0
10036,500.0
10037,314.0
10038,500.0
10039,500.0
10040,500.0
10041,500.0
10042,466.0
10043,379.0
10044,375.0
10045,500.0
10046,500.0
10047,500.0
10048,500.0
10049,500.0
10050,500.0
10051,500.0
10052,500.0
10053,500.0
10054,500.0
10055,500.0
10056,500.0
10057,500.0
10058,399.0
10059,500.0
10060,500.0
10061,487.0
10062,500.0
10063,500.0
10064,500.0
10065,335.0
10066,500.0
10067,500.0
10068,500.0
10069,500.0
10070,420.0
10071,500.0
10072,403.0
10073,500.0
10074,500.0
10075,500.0
10076,500.0
10077,500.0
10078,500.0
10079,500.0
10080,500.0
10081,500.0
10082,500.0
10083,500.0
10084,500.0
10085,500.0
10086,500.0
10087,500.0
10088,500.0
10089,500.0
10090,317.0
10091,500.0
10092,500.0
10093,476.0
10094,500.0
10095,500.0
10096,500.0
10097,500.0
10098,500.0
10099,500.0
10100,500.0
10101,500.0
10102,474.0
10103,500.0
10104,500.0
10105,500.0
10106,500.0
10107,500.0
10108,500.0
10109,500.0
10110,500.0
10111,500.0
10112,306.0
10113,500.0
10114,500.0
10115,351.0
10116,500.0
10117,365.0
10118,369.0
10119,500.0
10120,491.0
10121,500.0
10122,500.0
10123,500.0
10124,500.0
10125,500.0
10126,500.0
10127,365.0
10128,500.0
10129,500.0
10130,500.0
10131,500.0
10132,475.0
10133,376.0
10134,500.0
10135,500.0
10136,471.0
10137,500.0
10138,500.0
10139,500.0
10140,477.0
10141,418.0
10142,500.0
10143,278.0
10144,156.0
10145,143.0
10146,256.0
10147,500.0
10148,500.0
10149,500.0
10150,398.0
10151,500.0
10152,500.0
10153,291.0
10154,268.0
10155,500.0
10156,500.0
10157,332.0
10158,291.0
10159,377.0
10160,500.0
10161,246.0
10162,245.0
10163,258.0
10164,214.0
10165,391.0
10166,237.0
10167,265.0
10168,430.0
10169,500.0
10170,500.0
10171,164.0
10172,423.0
10173,230.0
10174,202.0
10175,382.0
10176,150.0
10177,273.0
10178,90.0
10179,145.0
10180,204.0
10181,146.0
10182,109.0
10183,101.0
10184,343.0
10185,260.0
10186,118.0
10187,260.0
10188,424.0
10189,358.0
10190,328.0
10191,256.0
10192,232.0
10193,180.0
10194,366.0
10195,370.0
10196,300.0
10197,405.0
10198,408.0
10199,352.0
10200,351.0
10201,247.0
10202,277.0
10203,443.0
10204,272.0
10205,450.0
10206,229.0
10207,235.0
10208,311.0
10209,349.0
10210,500.0
10211,350.0
10212,261.0
10213,500.0
10214,405.0
10215,446.0
10216,500.0
10217,469.0
10218,292.0
10219,431.0
10220,409.0
10221,500.0
10222,500.0
10223,384.0
10224,330.0
10225,45.0
10226,492.0
10227,500.0
10228,413.0
10229,500.0
10230,372.0
10231,500.0
10232,361.0
10233,266.0
10234,500.0
10235,500.0
10236,500.0
10237,374.0
10238,500.0
10239,500.0
10240,500.0
10241,500.0
10242,500.0
10243,500.0
10244,500.0
10245,500.0
10246,500.0
10247,500.0
10248,500.0
10249,500.0
10250,455.0
10251,343.0
10252,500.0
10253,314.0
10254,500.0
10255,500.0
10256,500.0
10257,308.0
10258,500.0
10259,500.0
10260,139.0
10261,309.0
10262,500.0
10263,500.0
10264,500.0
10265,219.0
10266,170.0
10267,500.0
10268,500.0
10269,494.0
10270,500.0
10271,500.0
10272,433.0
10273,500.0
10274,500.0
10275,500.0
10276,500.0
10277,262.0
10278,240.0
10279,500.0
10280,335.0
10281,478.0
10282,294.0
10283,500.0
10284,500.0
10285,500.0
10286,330.0
10287,500.0
10288,500.0
10289,362.0
10290,500.0
10291,500.0
10292,500.0
10293,500.0
10294,269.0
10295,500.0
10296,500.0
10297,500.0
10298,337.0
10299,393.0
10300,358.0
10301,500.0
10302,500.0
10303,500.0
10304,500.0
10305,500.0
10306,414.0
10307,360.0
10308,398.0
10309,432.0
10310,417.0
10311,500.0
10312,500.0
10313,493.0
10314,63.0
10315,500.0
10316,191.0
10317,500.0
10318,304.0
10319,500.0
10320,221.0
10321,332.0
10322,372.0
10323,403.0
10324,415.0
10325,345.0
10326,500.0
10327,305.0
10328,433.0
10329,269.0
10330,310.0
10331,147.0
10332,405.0
10333,247.0
10334,266.0
10335,254.0
10336,241.0
10337,342.0
10338,295.0
10339,303.0
10340,321.0
10341,371.0
10342,236.0
10343,422.0
10344,228.0
10345,317.0
10346,377.0
10347,231.0
10348,293.0
10349,422.0
10350,500.0
10351,409.0
10352,407.0
10353,238.0
10354,330.0
10355,405.0
10356,500.0
10357,372.0
10358,380.0
10359,335.0
10360,284.0
10361,232.0
10362,252.0
10363,346.0
10364,500.0
10365,291.0
10366,264.0
10367,421.0
10368,500.0
10369,355.0
10370,500.0
10371,218.0
10372,261.0
10373,500.0
10374,500.0
10375,500.0
10376,389.0
10377,332.0
10378,355.0
10379,342.0
10380,332.0
10381,500.0
10382,500.0
10383,500.0
10384,293.0
10385,500.0
10386,500.0
10387,500.0
10388,370.0
10389,142.0
10390,215.0
10391,500.0
10392,28.0
10393,500.0
10394,264.0
10395,500.0
10396,282.0
10397,500.0
10398,348.0
10399,420.0
10400,500.0
10401,500.0
10402,460.0
10403,245.0
10404,282.0
10405,500.0
10406,292.0
10407,298.0
10408,241.0
10409,436.0
10410,29.0
10411,343.0
10412,248.0
10413,385.0
10414,500.0
10415,288.0
10416,329.0
10417,351.0
10418,500.0
10419,289.0
10420,457.0
10421,453.0
10422,199.0
10423,72.0
10424,500.0
10425,88.0
10426,109.0
10427,176.0
10428,500.0
10429,500.0
10430,353.0
10431,355.0
10432,210.0
10433,236.0
10434,238.0
10435,324.0
10436,500.0
10437,500.0
10438,500.0
10439,26.0
10440,405.0
10441,500.0
10442,221.0
10443,232.0
10444,256.0
10445,500.0
10446,92.0
10447,500.0
10448,259.0
10449,500.0
10450,500.0
10451,287.0
10452,452.0
10453,500.0
10454,500.0
10455,500.0
10456,331.0
10457,500.0
10458,500.0
10459,500.0
10460,255.0
10461,256.0
10462,260.0
10463,500.0
10464,500.0
10465,500.0
10466,334.0
10467,246.0
10468,500.0
10469,265.0
10470,52.0
10471,500.0
10472,332.0
10473,214.0
10474,378.0
10475,225.0
10476,500.0
10477,495.0
10478,500.0
10479,74.0
10480,214.0
10481,411.0
10482,223.0
10483,155.0
10484,227.0
10485,45.0
10486,23.0
10487,23.0
10488,500.0
10489,500.0
10490,357.0
10491,25.0
10492,460.0
10493,249.0
10494,297.0
10495,209.0
10496,249.0
10497,238.0
10498,200.0
10499,500.0
10500,237.0
10501,341.0
10502,300.0
10503,471.0
10504,500.0
10505,300.0
10506,500.0
10507,500.0
10508,274.0
10509,302.0
10510,252.0
10511,500.0
10512,500.0
10513,197.0
10514,291.0
10515,226.0
10516,106.0
10517,500.0
10518,338.0
10519,302.0
10520,475.0
10521,500.0
10522,500.0
10523,500.0
10524,500.0
10525,500.0
10526,500.0
10527,500.0
10528,500.0
10529,500.0
10530,172.0
10531,500.0
10532,500.0
10533,285.0
10534,500.0
10535,500.0
10536,500.0
10537,258.0
10538,500.0
10539,500.0
10540,203.0
10541,130.0
10542,207.0
10543,500.0
10544,33.0
10545,27.0
10546,24.0
10547,25.0
10548,24.0
10549,34.0
10550,500.0
10551,500.0
10552,500.0
10553,324.0
10554,313.0
10555,248.0
10556,265.0
10557,93.0
10558,126.0
10559,311.0
10560,500.0
10561,500.0
10562,140.0
10563,236.0
10564,304.0
10565,291.0
10566,500.0
10567,500.0
10568,500.0
10569,312.0
10570,209.0
10571,246.0
10572,500.0
10573,500.0
10574,481.0
10575,277.0
10576,500.0
10577,246.0
10578,500.0
10579,500.0
10580,500.0
10581,500.0
10582,500.0
10583,223.0
10584,299.0
10585,388.0
10586,215.0
10587,406.0
10588,500.0
10589,500.0
10590,430.0
10591,500.0
10592,83.0
10593,500.0
10594,500.0
10595,500.0
10596,500.0
10597,500.0
10598,151.0
10599,435.0
10600,500.0
10601,500.0
10602,500.0
10603,43.0
10604,19.0
10605,26.0
10606,46.0
10607,500.0
10608,500.0
10609,24.0
10610,52.0
10611,378.0
10612,248.0
10613,140.0
10614,427.0
10615,500.0
10616,219.0
10617,305.0
10618,500.0
10619,485.0
10620,500.0
10621,500.0
10622,500.0
10623,455.0
10624,395.0
10625,246.0
10626,500.0
10627,500.0
10628,455.0
10629,461.0
10630,309.0
10631,264.0
10632,394.0
10633,157.0
10634,500.0
10635,413.0
10636,500.0
10637,500.0
10638,242.0
10639,466.0
10640,350.0
10641,500.0
10642,288.0
10643,361.0
10644,500.0
10645,500.0
10646,500.0
10647,457.0
10648,129.0
10649,139.0
10650,202.0
10651,275.0
10652,314.0
10653,356.0
10654,367.0
10655,500.0
10656,500.0
10657,500.0
10658,500.0
10659,500.0
10660,119.0
10661,34.0
10662,46.0
10663,273.0
10664,319.0
10665,107.0
10666,157.0
10667,12.0
10668,292.0
10669,340.0
10670,31.0
10671,30.0
10672,33.0
10673,12.0
10674,51.0
10675,40.0
10676,302.0
10677,130.0
10678,316.0
10679,12.0
10680,11.0
10681,14.0
10682,11.0
10683,13.0
10684,52.0
10685,36.0
10686,100.0
10687,292.0
10688,273.0
10689,149.0
10690,130.0
10691,224.0
10692,419.0
10693,285.0
10694,179.0
10695,152.0
10696,261.0
10697,216.0
10698,301.0
10699,241.0
10700,274.0
10701,287.0
10702,326.0
10703,278.0
10704,276.0
10705,269.0
10706,323.0
10707,308.0
10708,274.0
10709,310.0
10710,432.0
10711,338.0
10712,417.0
10713,391.0
10714,316.0
10715,337.0
10716,420.0
10717,286.0
10718,474.0
10719,420.0
10720,305.0
10721,318.0
10722,358.0
10723,428.0
10724,389.0
10725,406.0
10726,89.0
10727,500.0
10728,500.0
10729,472.0
10730,29.0
10731,42.0
10732,38.0
10733,76.0
10734,488.0
10735,500.0
10736,383.0
10737,456.0
10738,500.0
10739,500.0
10740,500.0
10741,400.0
10742,500.0
10743,500.0
10744,500.0
10745,244.0
10746,178.0
10747,492.0
10748,500.0
10749,213.0
10750,301.0
10751,500.0
10752,422.0
10753,425.0
10754,262.0
10755,344.0
10756,131.0
10757,500.0
10758,116.0
10759,126.0
10760,262.0
10761,394.0
10762,309.0
10763,462.0
10764,321.0
10765,451.0
10766,500.0
10767,500.0
10768,500.0
10769,500.0
10770,500.0
10771,500.0
10772,500.0
10773,500.0
10774,500.0
10775,500.0
10776,500.0
10777,500.0
10778,500.0
10779,500.0
10780,500.0
10781,500.0
10782,500.0
10783,500.0
10784,500.0
10785,500.0
10786,500.0
10787,476.0
10788,431.0
10789,398.0
10790,473.0
10791,396.0
10792,451.0
10793,446.0
10794,461.0
10795,466.0
10796,360.0
10797,391.0
10798,479.0
10799,440.0
10800,397.0
10801,472.0
10802,500.0
10803,500.0
10804,500.0
10805,500.0
10806,500.0
10807,62.0
10808,71.0
10809,146.0
10810,482.0
10811,487.0
10812,500.0
10813,500.0
10814,500.0
10815,500.0
10816,500.0
10817,500.0
10818,500.0
10819,461.0
10820,61.0
10821,454.0
10822,72.0
10823,500.0
10824,79.0
10825,500.0
10826,500.0
10827,112.0
10828,148.0
10829,114.0
10830,500.0
10831,301.0
10832,429.0
10833,135.0
10834,500.0
10835,498.0
10836,500.0
10837,500.0
10838,500.0
10839,500.0
10840,500.0
10841,500.0
10842,210.0
10843,274.0
10844,500.0
10845,236.0
10846,334.0
10847,500.0
10848,310.0
10849,377.0
10850,263.0
10851,238.0
10852,212.0
10853,188.0
10854,173.0
10855,209.0
10856,197.0
10857,161.0
10858,151.0
10859,174.0
10860,175.0
10861,152.0
10862,152.0
10863,152.0
10864,170.0
10865,166.0
10866,152.0
10867,231.0
10868,183.0
10869,150.0
10870,163.0
10871,500.0
10872,409.0
10873,500.0
10874,259.0
10875,500.0
10876,500.0
10877,500.0
10878,500.0
10879,500.0
10880,500.0
10881,500.0
10882,500.0
10883,500.0
10884,500.0
10885,500.0
10886,500.0
10887,500.0
10888,500.0
10889,500.0
10890,500.0
10891,500.0
10892,500.0
10893,26.0
10894,500.0
10895,500.0
10896,500.0
10897,390.0
10898,245.0
10899,253.0
10900,179.0
10901,252.0
10902,261.0
10903,142.0
10904,222.0
10905,142.0
10906,149.0
10907,139.0
10908,125.0
10909,137.0
10910,135.0
10911,131.0
10912,113.0
10913,105.0
10914,142.0
10915,139.0
10916,158.0
10917,184.0
10918,168.0
10919,95.0
10920,75.0
10921,168.0
10922,194.0
10923,134.0
10924,123.0
10925,151.0
10926,133.0
10927,140.0
10928,129.0
10929,118.0
10930,131.0
10931,156.0
10932,112.0
10933,39.0
10934,52.0
10935,111.0
10936,128.0
10937,123.0
10938,142.0
10939,213.0
10940,249.0
10941,500.0
10942,227.0
10943,152.0
10944,172.0
10945,500.0
10946,500.0
10947,500.0
10948,500.0
10949,500.0
10950,500.0
10951,500.0
10952,211.0
10953,500.0
10954,500.0
10955,500.0
10956,500.0
10957,500.0
10958,500.0
10959,500.0
10960,500.0
10961,500.0
10962,500.0
10963,500.0
10964,500.0
10965,500.0
10966,500.0
10967,500.0
10968,66.0
10969,63.0
10970,65.0
10971,68.0
10972,500.0
10973,500.0
10974,500.0
10975,499.0
10976,500.0
10977,236.0
10978,500.0
10979,500.0
10980,500.0
10981,335.0
10982,323.0
10983,500.0
10984,500.0
10985,500.0
10986,500.0
10987,500.0
10988,500.0
10989,435.0
10990,485.0
10991,474.0
10992,428.0
10993,357.0
10994,340.0
10995,318.0
10996,336.0
10997,293.0
10998,277.0
10999,235.0
11000,257.0
11001,253.0
11002,226.0
11003,209.0
11004,211.0
11005,226.0
11006,241.0
11007,210.0
11008,206.0
11009,216.0
11010,208.0
11011,211.0
11012,222.0
11013,233.0
11014,224.0
11015,220.0
11016,205.0
11017,211.0
11018,208.0
11019,207.0
11020,212.0
11021,231.0
11022,189.0
11023,37.0
11024,227.0
11025,219.0
11026,267.0
11027,209.0
11028,9.0
11029,10.0
11030,10.0
11031,13.0
11032,9.0
11033,11.0
11034,11.0
11035,10.0
11036,11.0
11037,11.0
11038,16.0
11039,26.0
11040,21.0
11041,237.0
11042,338.0
11043,189.0
11044,227.0
11045,271.0
11046,192.0
11047,202.0
11048,197.0
11049,210.0
11050,199.0
11051,198.0
11052,187.0
11053,214.0
11054,192.0
11055,220.0
11056,199.0
11057,215.0
11058,203.0
11059,179.0
11060,179.0
11061,186.0
11062,184.0
11063,182.0
11064,205.0
11065,193.0
11066,193.0
11067,188.0
11068,213.0
11069,228.0
11070,190.0
11071,248.0
11072,218.0
11073,217.0
11074,210.0
11075,254.0
11076,195.0
11077,195.0
11078,211.0
11079,230.0
11080,243.0
11081,245.0
11082,241.0
11083,178.0
11084,210.0
11085,228.0
11086,500.0
11087,246.0
11088,251.0
11089,288.0
11090,272.0
11091,248.0
11092,235.0
11093,275.0
11094,231.0
11095,202.0
11096,270.0
11097,289.0
11098,288.0
11099,257.0
11100,342.0
11101,345.0
11102,500.0
11103,500.0
11104,452.0
11105,500.0
11106,500.0
11107,355.0
11108,500.0
11109,500.0
11110,500.0
11111,10.0
11112,500.0
11113,500.0
11114,70.0
11115,500.0
11116,500.0
11117,62.0
11118,301.0
11119,144.0
11120,500.0
11121,359.0
11122,284.0
11123,180.0
11124,500.0
11125,500.0
11126,500.0
11127,500.0
11128,500.0
11129,500.0
11130,500.0
11131,500.0
11132,285.0
11133,500.0
11134,182.0
11135,224.0
11136,186.0
11137,157.0
11138,161.0
11139,145.0
11140,133.0
11141,138.0
11142,132.0
11143,144.0
11144,156.0
11145,145.0
11146,165.0
11147,158.0
11148,139.0
11149,148.0
11150,151.0
11151,166.0
11152,288.0
11153,160.0
11154,143.0
11155,139.0
11156,137.0
11157,156.0
11158,138.0
11159,143.0
11160,139.0
11161,132.0
11162,139.0
11163,145.0
11164,156.0
11165,107.0
11166,124.0
11167,101.0
11168,100.0
11169,127.0
11170,136.0
11171,133.0
11172,128.0
11173,131.0
11174,162.0
11175,231.0
11176,133.0
11177,134.0
11178,141.0
11179,108.0
11180,117.0
11181,134.0
11182,131.0
11183,152.0
11184,152.0
11185,384.0
11186,500.0
11187,500.0
11188,500.0
11189,228.0
11190,500.0
11191,229.0
11192,242.0
11193,268.0
11194,500.0
11195,182.0
11196,490.0
11197,216.0
11198,174.0
11199,159.0
11200,171.0
11201,157.0
11202,154.0
11203,154.0
11204,143.0
11205,150.0
11206,146.0
11207,139.0
11208,137.0
11209,128.0
11210,146.0
11211,129.0
11212,133.0
11213,147.0
11214,139.0
11215,131.0
11216,130.0
11217,131.0
11218,149.0
11219,140.0
11220,126.0
11221,125.0
11222,121.0
11223,124.0
11224,120.0
11225,153.0
11226,135.0
11227,135.0
11228,115.0
11229,120.0
11230,115.0
11231,129.0
11232,113.0
11233,114.0
11234,103.0
11235,111.0
11236,107.0
11237,120.0
11238,107.0
11239,116.0
11240,212.0
11241,181.0
11242,130.0
11243,138.0
11244,112.0
11245,118.0
11246,111.0
11247,115.0
11248,180.0
11249,214.0
11250,159.0
11251,208.0
11252,244.0
11253,209.0
11254,222.0
11255,206.0
11256,431.0
11257,500.0
11258,500.0
11259,500.0
11260,474.0
11261,414.0
11262,310.0
11263,257.0
11264,303.0
11265,295.0
11266,279.0
11267,237.0
11268,265.0
11269,244.0
11270,225.0
11271,210.0
11272,218.0
11273,181.0
11274,243.0
11275,294.0
11276,245.0
11277,100.0
11278,111.0
11279,109.0
11280,114.0
11281,107.0
11282,163.0
11283,246.0
11284,500.0
11285,500.0
11286,303.0
11287,287.0
11288,347.0
11289,500.0
11290,412.0
11291,223.0
11292,261.0
11293,500.0
11294,428.0
11295,164.0
11296,199.0
11297,223.0
11298,381.0
11299,500.0
11300,47.0
11301,62.0
11302,46.0
11303,71.0
11304,104.0
11305,73.0
11306,186.0
11307,61.0
11308,56.0
11309,59.0
11310,54.0
11311,23.0
11312,16.0
11313,19.0
11314,13.0
11315,56.0
11316,59.0
11317,37.0
11318,49.0
11319,56.0
11320,18.0
11321,54.0
11322,53.0
11323,61.0
11324,55.0
11325,57.0
11326,55.0
11327,52.0
11328,59.0
11329,56.0
11330,59.0
11331,51.0
11332,62.0
11333,500.0
11334,455.0
11335,500.0
11336,500.0
11337,500.0
11338,500.0
11339,390.0
11340,387.0
11341,362.0
11342,500.0
11343,275.0
11344,500.0
11345,500.0
11346,500.0
11347,500.0
11348,500.0
11349,500.0
11350,357.0
11351,319.0
11352,347.0
11353,445.0
11354,148.0
11355,110.0
11356,110.0
11357,66.0
11358,176.0
11359,186.0
11360,104.0
11361,136.0
11362,140.0
11363,173.0
11364,178.0
11365,169.0
11366,184.0
11367,209.0
11368,199.0
11369,447.0
11370,258.0
11371,500.0
11372,251.0
11373,411.0
11374,325.0
11375,500.0
11376,335.0
11377,67.0
11378,500.0
11379,500.0
11380,123.0
11381,377.0
11382,479.0
11383,280.0
11384,367.0
11385,169.0
11386,178.0
11387,209.0
11388,105.0
11389,310.0
11390,125.0
11391,331.0
11392,238.0
11393,500.0
11394,500.0
11395,500.0
11396,500.0
11397,500.0
11398,153.0
11399,234.0
11400,315.0
11401,355.0
11402,330.0
11403,269.0
11404,500.0
11405,500.0
11406,500.0
11407,245.0
11408,478.0
11409,500.0
11410,450.0
11411,500.0
11412,348.0
11413,347.0
11414,436.0
11415,500.0
11416,500.0
11417,500.0
11418,500.0
11419,500.0
11420,500.0
11421,500.0
11422,445.0
11423,248.0
11424,403.0
11425,151.0
11426,292.0
11427,318.0
11428,267.0
11429,332.0
11430,269.0
11431,272.0
11432,500.0
11433,500.0
11434,500.0
11435,349.0
11436,500.0
11437,498.0
11438,500.0
11439,291.0
11440,500.0
11441,464.0
11442,370.0
11443,70.0
11444,81.0
11445,189.0
11446,500.0
11447,500.0
11448,472.0
11449,500.0
11450,483.0
11451,500.0
11452,87.0
11453,204.0
11454,307.0
11455,495.0
11456,500.0
11457,500.0
11458,500.0
11459,391.0
11460,500.0
11461,413.0
11462,500.0
11463,172.0
11464,244.0
11465,500.0
11466,500.0
11467,500.0
11468,216.0
11469,400.0
11470,500.0
11471,500.0
11472,53.0
11473,46.0
11474,56.0
11475,65.0
11476,377.0
11477,108.0
11478,135.0
11479,171.0
11480,160.0
11481,500.0
11482,500.0
11483,243.0
11484,206.0
11485,173.0
11486,170.0
11487,365.0
11488,500.0
11489,176.0
11490,175.0
11491,500.0
11492,177.0
11493,162.0
11494,160.0
11495,411.0
11496,164.0
11497,166.0
11498,234.0
11499,181.0
11500,160.0
11501,500.0
11502,500.0
11503,228.0
11504,218.0
11505,500.0
11506,159.0
11507,160.0
11508,183.0
11509,178.0
11510,500.0
11511,406.0
11512,177.0
11513,169.0
11514,150.0
11515,162.0
11516,427.0
11517,161.0
11518,166.0
11519,156.0
11520,190.0
11521,51.0
11522,58.0
11523,64.0
11524,77.0
11525,177.0
11526,500.0
11527,174.0
11528,500.0
11529,219.0
11530,257.0
11531,187.0
11532,146.0
11533,282.0
11534,289.0
11535,287.0
11536,291.0
11537,83.0
11538,179.0
11539,156.0
11540,309.0
11541,279.0
11542,438.0
11543,500.0
11544,159.0
11545,170.0
11546,500.0
11547,263.0
11548,500.0
11549,500.0
11550,497.0
11551,500.0
11552,166.0
11553,500.0
11554,500.0
11555,97.0
11556,256.0
11557,500.0
11558,500.0
11559,500.0
11560,500.0
11561,77.0
11562,78.0
11563,147.0
11564,500.0
11565,500.0
11566,195.0
11567,205.0
11568,203.0
11569,500.0
11570,500.0
11571,105.0
11572,130.0
11573,101.0
11574,108.0
11575,109.0
11576,100.0
11577,74.0
11578,469.0
11579,154.0
11580,96.0
11581,168.0
11582,214.0
11583,500.0
11584,226.0
11585,168.0
11586,274.0
11587,195.0
11588,268.0
11589,375.0
11590,149.0
11591,120.0
11592,177.0
11593,500.0
11594,423.0
11595,195.0
11596,189.0
11597,255.0
11598,245.0
11599,372.0
11600,223.0
11601,356.0
11602,238.0
11603,197.0
11604,390.0
11605,438.0
11606,450.0
11607,467.0
11608,185.0
11609,454.0
11610,475.0
11611,500.0
11612,465.0
11613,303.0
11614,154.0
11615,164.0
11616,276.0
11617,426.0
11618,500.0
11619,274.0
11620,138.0
11621,339.0
11622,405.0
11623,500.0
11624,396.0
11625,112.0
11626,149.0
11627,406.0
11628,218.0
11629,382.0
11630,393.0
11631,407.0
11632,270.0
11633,500.0
11634,500.0
11635,500.0
11636,500.0
11637,500.0
11638,455.0
11639,322.0
11640,420.0
11641,222.0
11642,373.0
11643,500.0
11644,500.0
11645,500.0
11646,345.0
11647,500.0
11648,500.0
11649,500.0
11650,500.0
11651,347.0
11652,256.0
11653,295.0
11654,330.0
11655,202.0
11656,172.0
11657,117.0
11658,106.0
11659,100.0
11660,500.0
11661,249.0
11662,500.0
11663,500.0
11664,500.0
11665,264.0
11666,500.0
11667,500.0
11668,500.0
11669,500.0
11670,232.0
11671,500.0
11672,500.0
11673,500.0
11674,500.0
11675,500.0
11676,421.0
11677,153.0
11678,120.0
11679,261.0
11680,500.0
11681,500.0
11682,273.0
11683,500.0
11684,500.0
11685,220.0
11686,325.0
11687,309.0
11688,244.0
11689,235.0
11690,124.0
11691,129.0
11692,127.0
11693,145.0
11694,150.0
11695,208.0
11696,157.0
11697,164.0
11698,161.0
11699,133.0
11700,123.0
11701,144.0
11702,121.0
11703,133.0
11704,132.0
11705,201.0
11706,189.0
11707,183.0
11708,133.0
11709,126.0
11710,113.0
11711,119.0
11712,106.0
11713,146.0
11714,139.0
11715,128.0
11716,105.0
11717,102.0
11718,117.0
11719,334.0
11720,137.0
11721,140.0
11722,219.0
11723,127.0
11724,38.0
11725,108.0
11726,101.0
11727,32.0
11728,22.0
11729,35.0
11730,31.0
11731,100.0
11732,107.0
11733,137.0
11734,156.0
11735,169.0
11736,216.0
11737,205.0
11738,178.0
11739,215.0
11740,207.0
11741,318.0
11742,176.0
11743,180.0
11744,260.0
11745,234.0
11746,285.0
11747,201.0
11748,161.0
11749,141.0
11750,171.0
11751,225.0
11752,151.0
11753,219.0
11754,187.0
11755,162.0
11756,163.0
11757,162.0
11758,231.0
11759,147.0
11760,217.0
11761,184.0
11762,202.0
11763,153.0
11764,145.0
11765,172.0
11766,196.0
11767,149.0
11768,162.0
11769,211.0
11770,344.0
11771,225.0
11772,306.0
11773,212.0
11774,429.0
11775,434.0
11776,500.0
11777,500.0
11778,500.0
11779,233.0
11780,423.0
11781,446.0
11782,500.0
11783,199.0
11784,10.0
11785,30.0
11786,11.0
11787,121.0
11788,500.0
11789,215.0
11790,113.0
11791,124.0
11792,169.0
11793,160.0
11794,500.0
11795,500.0
11796,442.0
11797,423.0
11798,500.0
11799,237.0
11800,500.0
11801,500.0
11802,500.0
11803,500.0
11804,500.0
11805,468.0
11806,500.0
11807,500.0
11808,371.0
11809,500.0
11810,500.0
11811,330.0
11812,225.0
11813,184.0
11814,406.0
11815,500.0
11816,500.0
11817,500.0
11818,500.0
11819,441.0
11820,285.0
11821,500.0
11822,500.0
11823,500.0
11824,399.0
11825,370.0
11826,179.0
11827,270.0
11828,208.0
11829,500.0
11830,431.0
11831,296.0
11832,449.0
11833,155.0
11834,490.0
11835,161.0
11836,162.0
11837,345.0
11838,171.0
11839,318.0
11840,500.0
11841,143.0
11842,157.0
11843,197.0
11844,269.0
11845,500.0
11846,256.0
11847,435.0
11848,170.0
11849,185.0
11850,500.0
11851,500.0
11852,369.0
11853,440.0
11854,500.0
11855,277.0
11856,500.0
11857,416.0
11858,309.0
11859,236.0
11860,184.0
11861,200.0
11862,221.0
11863,174.0
11864,160.0
11865,222.0
11866,267.0
11867,131.0
11868,191.0
11869,243.0
11870,368.0
11871,396.0
11872,402.0
11873,265.0
11874,112.0
11875,286.0
11876,324.0
11877,178.0
11878,467.0
11879,349.0
11880,392.0
11881,264.0
11882,202.0
11883,431.0
11884,390.0
11885,492.0
11886,367.0
11887,429.0
11888,237.0
11889,198.0
11890,167.0
11891,172.0
11892,168.0
11893,162.0
11894,333.0
11895,205.0
11896,358.0
11897,343.0
11898,138.0
11899,113.0
11900,122.0
11901,198.0
11902,196.0
11903,190.0
11904,345.0
11905,349.0
11906,334.0
11907,415.0
11908,422.0
11909,500.0
11910,153.0
11911,333.0
11912,290.0
11913,149.0
11914,132.0
11915,500.0
11916,500.0
11917,222.0
11918,163.0
11919,288.0
11920,273.0
11921,418.0
11922,500.0
11923,500.0
11924,500.0
11925,258.0
11926,440.0
11927,461.0
11928,116.0
11929,120.0
11930,348.0
11931,220.0
11932,489.0
11933,153.0
11934,500.0
11935,500.0
11936,500.0
11937,436.0
11938,500.0
11939,485.0
11940,135.0
11941,143.0
11942,137.0
11943,466.0
11944,500.0
11945,500.0
11946,133.0
11947,202.0
11948,442.0
11949,500.0
11950,500.0
11951,138.0
11952,500.0
11953,500.0
11954,500.0
11955,500.0
11956,500.0
11957,500.0
11958,225.0
11959,211.0
11960,425.0
11961,8.0
11962,10.0
11963,8.0
11964,9.0
11965,38.0
11966,209.0
11967,166.0
11968,313.0
11969,500.0
11970,370.0
11971,500.0
11972,442.0
11973,202.0
11974,71.0
11975,135.0
11976,161.0
11977,222.0
11978,198.0
11979,182.0
11980,500.0
11981,500.0
11982,500.0
11983,500.0
11984,500.0
11985,500.0
11986,259.0
11987,390.0
11988,500.0
11989,500.0
11990,500.0
11991,281.0
11992,407.0
11993,336.0
11994,500.0
11995,500.0
11996,382.0
11997,497.0
11998,317.0
11999,500.0
12000,196.0
12001,500.0
12002,500.0
12003,395.0
12004,350.0
12005,182.0
12006,125.0
12007,148.0
12008,317.0
12009,348.0
12010,326.0
12011,422.0
12012,341.0
12013,414.0
12014,134.0
12015,335.0
12016,500.0
12017,500.0
12018,230.0
12019,292.0
12020,436.0
12021,270.0
12022,181.0
12023,358.0
12024,407.0
12025,367.0
12026,292.0
12027,500.0
12028,470.0
12029,288.0
12030,500.0
12031,422.0
12032,326.0
12033,500.0
12034,312.0
12035,218.0
12036,500.0
12037,500.0
12038,223.0
12039,367.0
12040,378.0
12041,500.0
12042,273.0
12043,500.0
12044,500.0
12045,143.0
12046,183.0
12047,296.0
12048,286.0
12049,500.0
12050,135.0
12051,126.0
12052,138.0
12053,168.0
12054,166.0
12055,168.0
12056,220.0
12057,172.0
12058,181.0
12059,458.0
12060,357.0
12061,328.0
12062,294.0
12063,194.0
12064,147.0
12065,148.0
12066,184.0
12067,173.0
12068,267.0
12069,197.0
12070,174.0
12071,180.0
12072,228.0
12073,421.0
12074,500.0
12075,500.0
12076,500.0
12077,283.0
12078,384.0
12079,500.0
12080,500.0
12081,274.0
12082,102.0
12083,80.0
12084,106.0
12085,469.0
12086,500.0
12087,500.0
12088,500.0
12089,200.0
12090,500.0
12091,500.0
12092,180.0
12093,500.0
12094,246.0
12095,383.0
12096,500.0
12097,500.0
12098,500.0
12099,500.0
12100,314.0
12101,157.0
12102,220.0
12103,500.0
12104,236.0
12105,178.0
12106,346.0
12107,500.0
12108,353.0
12109,500.0
12110,188.0
12111,500.0
12112,185.0
12113,123.0
12114,155.0
12115,195.0
12116,199.0
12117,203.0
12118,189.0
12119,405.0
12120,131.0
12121,132.0
12122,165.0
12123,181.0
12124,156.0
12125,500.0
12126,457.0
12127,147.0
12128,228.0
12129,500.0
12130,500.0
12131,500.0
12132,264.0
12133,500.0
12134,500.0
12135,500.0
12136,122.0
12137,140.0
12138,500.0
12139,385.0
12140,240.0
12141,500.0
12142,99.0
12143,122.0
12144,152.0
12145,204.0
12146,500.0
12147,176.0
12148,500.0
12149,500.0
12150,271.0
12151,500.0
12152,500.0
12153,448.0
12154,463.0
12155,205.0
12156,219.0
12157,476.0
12158,500.0
12159,468.0
12160,500.0
12161,500.0
12162,490.0
12163,190.0
12164,222.0
12165,257.0
12166,66.0
12167,230.0
12168,115.0
12169,500.0
12170,180.0
12171,159.0
12172,143.0
12173,155.0
12174,159.0
12175,89.0
12176,238.0
12177,242.0
12178,166.0
12179,354.0
12180,158.0
12181,167.0
12182,160.0
12183,222.0
12184,428.0
12185,176.0
12186,208.0
12187,276.0
12188,500.0
12189,500.0
12190,500.0
12191,500.0
12192,314.0
12193,500.0
12194,500.0
12195,500.0
12196,400.0
12197,500.0
12198,500.0
12199,500.0
12200,500.0
12201,500.0
12202,500.0
12203,265.0
12204,500.0
12205,500.0
12206,424.0
12207,500.0
12208,500.0
12209,500.0
12210,494.0
12211,410.0
12212,302.0
12213,500.0
12214,455.0
12215,457.0
12216,500.0
12217,497.0
12218,500.0
12219,500.0
12220,409.0
12221,357.0
12222,450.0
12223,500.0
12224,500.0
12225,316.0
12226,433.0
12227,444.0
12228,500.0
12229,500.0
12230,413.0
12231,364.0
12232,477.0
12233,329.0
12234,407.0
12235,481.0
12236,305.0
12237,500.0
12238,440.0
12239,356.0
12240,253.0
12241,491.0
12242,500.0
12243,500.0
12244,489.0
12245,234.0
12246,500.0
12247,195.0
12248,136.0
12249,196.0
12250,452.0
12251,199.0
12252,13.0
12253,200.0
12254,11.0
12255,181.0
12256,191.0
12257,500.0
12258,500.0
12259,399.0
12260,492.0
12261,381.0
12262,317.0
12263,469.0
12264,375.0
12265,137.0
12266,88.0
12267,81.0
12268,74.0
12269,72.0
12270,47.0
12271,53.0
12272,78.0
12273,137.0
12274,151.0
12275,148.0
12276,500.0
12277,500.0
12278,420.0
12279,212.0
12280,500.0
12281,474.0
12282,500.0
12283,500.0
12284,500.0
12285,227.0
12286,263.0
12287,277.0
12288,500.0
12289,458.0
12290,468.0
12291,500.0
12292,286.0
12293,500.0
12294,500.0
12295,500.0
12296,500.0
12297,500.0
12298,439.0
12299,393.0
12300,500.0
12301,500.0
12302,500.0
12303,500.0
12304,500.0
12305,500.0
12306,500.0
12307,500.0
12308,153.0
12309,324.0
12310,132.0
12311,108.0
12312,106.0
12313,500.0
12314,500.0
12315,175.0
12316,500.0
12317,500.0
12318,478.0
12319,143.0
12320,500.0
12321,472.0
12322,145.0
12323,134.0
12324,150.0
12325,280.0
12326,334.0
12327,139.0
12328,147.0
12329,500.0
12330,262.0
12331,447.0
12332,500.0
12333,500.0
12334,383.0
12335,159.0
12336,151.0
12337,158.0
12338,500.0
12339,181.0
12340,198.0
12341,152.0
12342,203.0
12343,143.0
12344,161.0
12345,185.0
12346,219.0
12347,200.0
12348,500.0
12349,500.0
12350,500.0
12351,193.0
12352,352.0
12353,344.0
12354,197.0
12355,231.0
12356,500.0
12357,500.0
12358,494.0
12359,500.0
12360,500.0
12361,500.0
12362,288.0
12363,500.0
12364,500.0
12365,500.0
12366,500.0
12367,500.0
12368,197.0
12369,437.0
12370,500.0
12371,500.0
12372,500.0
12373,500.0
12374,500.0
12375,500.0
12376,273.0
12377,270.0
12378,319.0
12379,137.0
12380,122.0
12381,13.0
12382,146.0
12383,337.0
12384,500.0
12385,369.0
12386,360.0
12387,486.0
12388,284.0
12389,145.0
12390,160.0
12391,195.0
12392,168.0
12393,194.0
12394,162.0
12395,173.0
12396,343.0
12397,237.0
12398,195.0
12399,178.0
12400,500.0
12401,500.0
12402,177.0
12403,211.0
12404,185.0
12405,225.0
12406,500.0
12407,500.0
12408,500.0
12409,500.0
12410,225.0
12411,379.0
12412,200.0
12413,203.0
12414,243.0
12415,301.0
12416,277.0
12417,200.0
12418,214.0
12419,178.0
12420,180.0
12421,192.0
12422,406.0
12423,368.0
12424,220.0
12425,211.0
12426,197.0
12427,118.0
12428,272.0
12429,428.0
12430,179.0
12431,88.0
12432,112.0
12433,181.0
12434,117.0
12435,49.0
12436,64.0
12437,95.0
12438,285.0
12439,431.0
12440,500.0
12441,184.0
12442,216.0
12443,500.0
12444,500.0
12445,500.0
12446,184.0
12447,206.0
12448,500.0
12449,500.0
12450,500.0
12451,258.0
12452,500.0
12453,500.0
12454,500.0
12455,500.0
12456,482.0
12457,192.0
12458,500.0
12459,500.0
12460,500.0
12461,260.0
12462,276.0
12463,411.0
12464,137.0
12465,500.0
12466,274.0
12467,286.0
12468,323.0
12469,135.0
12470,78.0
12471,84.0
12472,409.0
12473,198.0
12474,500.0
12475,283.0
12476,194.0
12477,399.0
12478,167.0
12479,175.0
12480,500.0
12481,500.0
12482,431.0
12483,208.0
12484,255.0
12485,451.0
12486,402.0
12487,500.0
12488,500.0
12489,500.0
12490,500.0
12491,451.0
12492,500.0
12493,500.0
12494,411.0
12495,500.0
12496,396.0
12497,215.0
12498,214.0
12499,177.0
12500,162.0
12501,183.0
12502,220.0
12503,239.0
12504,211.0
12505,194.0
12506,178.0
12507,220.0
12508,198.0
12509,257.0
12510,245.0
12511,187.0
12512,210.0
12513,170.0
12514,142.0
12515,148.0
12516,126.0
12517,146.0
12518,142.0
12519,152.0
12520,158.0
12521,119.0
12522,136.0
12523,131.0
12524,112.0
12525,101.0
12526,101.0
12527,123.0
12528,500.0
12529,500.0
12530,135.0
12531,482.0
12532,11.0
12533,11.0
12534,120.0
12535,500.0
12536,400.0
12537,178.0
12538,210.0
12539,323.0
12540,274.0
12541,350.0
12542,500.0
12543,171.0
12544,500.0
12545,500.0
12546,500.0
12547,209.0
12548,213.0
12549,188.0
12550,405.0
12551,500.0
12552,500.0
12553,500.0
12554,145.0
12555,132.0
12556,123.0
12557,118.0
12558,500.0
12559,144.0
12560,500.0
12561,500.0
12562,500.0
12563,500.0
12564,500.0
12565,500.0
12566,500.0
12567,500.0
12568,500.0
12569,500.0
12570,500.0
12571,500.0
12572,500.0
12573,500.0
12574,500.0
12575,500.0
12576,500.0
12577,500.0
12578,500.0
12579,108.0
12580,149.0
12581,500.0
12582,117.0
12583,110.0
12584,116.0
12585,109.0
12586,96.0
12587,500.0
12588,104.0
12589,97.0
12590,94.0
12591,90.0
12592,127.0
12593,100.0
12594,114.0
12595,115.0
12596,500.0
12597,500.0
12598,500.0
12599,500.0
12600,500.0
12601,491.0
12602,120.0
12603,500.0
12604,500.0
12605,500.0
12606,124.0
12607,118.0
12608,102.0
12609,113.0
12610,116.0
12611,122.0
12612,134.0
12613,500.0
12614,117.0
12615,125.0
12616,500.0
12617,197.0
12618,131.0
12619,500.0
12620,500.0
12621,153.0
12622,128.0
12623,471.0
12624,188.0
12625,147.0
12626,130.0
12627,500.0
12628,500.0
12629,500.0
12630,500.0
12631,500.0
12632,500.0
12633,300.0
12634,162.0
12635,126.0
12636,144.0
12637,173.0
12638,500.0
12639,500.0
12640,500.0
12641,448.0
12642,299.0
12643,215.0
12644,128.0
12645,128.0
12646,134.0
12647,135.0
12648,204.0
12649,269.0
12650,253.0
12651,500.0
12652,500.0
12653,500.0
12654,500.0
12655,500.0
12656,120.0
12657,409.0
12658,101.0
12659,45.0
12660,48.0
12661,36.0
12662,59.0
12663,51.0
12664,23.0
12665,35.0
12666,24.0
12667,25.0
12668,20.0
12669,22.0
12670,20.0
12671,23.0
12672,25.0
12673,52.0
12674,53.0
12675,416.0
12676,500.0
12677,94.0
12678,106.0
12679,102.0
12680,101.0
12681,114.0
12682,115.0
12683,500.0
12684,500.0
12685,500.0
12686,500.0
12687,279.0
12688,500.0
12689,422.0
12690,175.0
12691,401.0
12692,54.0
12693,43.0
12694,36.0
12695,50.0
12696,58.0
12697,57.0
12698,64.0
12699,75.0
12700,129.0
12701,500.0
12702,402.0
12703,257.0
12704,229.0
12705,247.0
12706,500.0
12707,500.0
12708,500.0
12709,332.0
12710,296.0
12711,243.0
12712,272.0
12713,500.0
12714,274.0
12715,284.0
12716,500.0
12717,500.0
12718,500.0
12719,500.0
12720,495.0
12721,362.0
12722,500.0
12723,481.0
12724,446.0
12725,500.0
12726,174.0
12727,168.0
12728,185.0
12729,208.0
12730,186.0
12731,183.0
12732,180.0
12733,194.0
12734,175.0
12735,176.0
12736,140.0
12737,148.0
12738,158.0
12739,135.0
12740,143.0
12741,144.0
12742,155.0
12743,153.0
12744,169.0
12745,177.0
12746,500.0
12747,500.0
12748,500.0
12749,221.0
12750,228.0
12751,190.0
12752,198.0
12753,163.0
12754,197.0
12755,478.0
12756,161.0
12757,500.0
12758,443.0
12759,145.0
12760,151.0
12761,151.0
12762,148.0
12763,461.0
12764,141.0
12765,196.0
12766,174.0
12767,174.0
12768,189.0
12769,178.0
12770,492.0
12771,153.0
12772,171.0
12773,152.0
12774,182.0
12775,225.0
12776,193.0
12777,179.0
12778,184.0
12779,192.0
12780,152.0
12781,205.0
12782,211.0
12783,180.0
12784,444.0
12785,174.0
12786,231.0
12787,164.0
12788,223.0
12789,153.0
12790,154.0
12791,218.0
12792,500.0
12793,210.0
12794,214.0
12795,487.0
12796,174.0
12797,215.0
12798,225.0
12799,164.0
12800,127.0
12801,124.0
12802,130.0
12803,121.0
12804,133.0
12805,134.0
12806,124.0
12807,147.0
12808,123.0
12809,137.0
12810,138.0
12811,461.0
12812,458.0
12813,400.0
12814,409.0
12815,208.0
12816,500.0
12817,500.0
12818,247.0
12819,497.0
12820,178.0
12821,184.0
12822,189.0
12823,500.0
12824,189.0
12825,143.0
12826,131.0
12827,132.0
12828,156.0
12829,202.0
12830,165.0
12831,157.0
12832,166.0
12833,165.0
12834,177.0
12835,426.0
12836,157.0
12837,172.0
12838,165.0
12839,453.0
12840,134.0
12841,167.0
12842,256.0
12843,154.0
12844,500.0
12845,401.0
12846,500.0
12847,500.0
12848,500.0
12849,500.0
12850,500.0
12851,480.0
12852,500.0
12853,500.0
12854,500.0
12855,150.0
12856,198.0
12857,371.0
12858,458.0
12859,498.0
12860,500.0
12861,500.0
12862,500.0
12863,500.0
12864,500.0
12865,412.0
12866,456.0
12867,424.0
12868,448.0
12869,500.0
12870,421.0
12871,408.0
12872,394.0
12873,500.0
12874,500.0
12875,500.0
12876,44.0
12877,431.0
12878,15.0
12879,15.0
12880,13.0
12881,13.0
12882,11.0
12883,15.0
12884,16.0
12885,205.0
12886,190.0
12887,424.0
12888,281.0
12889,89.0
12890,96.0
12891,122.0
12892,500.0
12893,245.0
12894,204.0
12895,500.0
12896,500.0
12897,500.0
12898,500.0
12899,500.0
12900,500.0
12901,170.0
12902,157.0
12903,500.0
12904,500.0
12905,500.0
12906,500.0
12907,500.0
12908,171.0
12909,500.0
12910,500.0
12911,140.0
12912,500.0
12913,179.0
12914,500.0
12915,500.0
12916,155.0
12917,500.0
12918,500.0
12919,500.0
12920,500.0
12921,500.0
12922,500.0
12923,500.0
12924,500.0
12925,500.0
12926,145.0
12927,152.0
12928,500.0
12929,370.0
12930,500.0
12931,500.0
12932,150.0
12933,500.0
12934,137.0
12935,500.0
12936,241.0
12937,114.0
12938,66.0
12939,64.0
12940,69.0
12941,111.0
12942,140.0
12943,500.0
12944,500.0
12945,500.0
12946,182.0
12947,500.0
12948,163.0
12949,109.0
12950,118.0
12951,114.0
12952,114.0
12953,121.0
12954,115.0
12955,131.0
12956,139.0
12957,108.0
12958,102.0
12959,124.0
12960,120.0
12961,115.0
12962,123.0
12963,105.0
12964,102.0
12965,108.0
12966,117.0
12967,116.0
12968,116.0
12969,129.0
12970,120.0
12971,96.0
12972,207.0
12973,89.0
12974,11.0
12975,30.0
12976,202.0
12977,133.0
12978,119.0
12979,99.0
12980,108.0
12981,106.0
12982,99.0
12983,108.0
12984,123.0
12985,118.0
12986,120.0
12987,500.0
12988,500.0
12989,500.0
12990,500.0
12991,159.0
12992,500.0
12993,500.0
12994,500.0
12995,131.0
12996,129.0
12997,114.0
12998,129.0
12999,417.0
13000,500.0
13001,387.0
13002,138.0
13003,135.0
13004,144.0
13005,134.0
13006,410.0
13007,252.0
13008,500.0
13009,255.0
13010,442.0
13011,355.0
13012,500.0
13013,500.0
13014,486.0
13015,500.0
13016,500.0
13017,500.0
13018,500.0
13019,500.0
13020,500.0
13021,500.0
13022,462.0
13023,500.0
13024,500.0
13025,500.0
13026,472.0
13027,500.0
13028,500.0
13029,500.0
13030,500.0
13031,460.0
13032,99.0
13033,71.0
13034,97.0
13035,104.0
13036,22.0
13037,21.0
13038,21.0
13039,17.0
13040,17.0
13041,18.0
13042,15.0
13043,17.0
13044,17.0
13045,15.0
13046,18.0
13047,15.0
13048,92.0
13049,114.0
13050,297.0
13051,409.0
13052,351.0
13053,357.0
13054,176.0
13055,500.0
13056,500.0
13057,437.0
13058,498.0
13059,500.0
13060,500.0
13061,500.0
13062,485.0
13063,409.0
13064,410.0
13065,500.0
13066,165.0
13067,468.0
13068,378.0
13069,307.0
13070,418.0
13071,336.0
13072,139.0
13073,398.0
13074,118.0
13075,128.0
13076,133.0
13077,371.0
13078,500.0
13079,348.0
13080,500.0
13081,500.0
13082,500.0
13083,500.0
13084,500.0
13085,500.0
13086,500.0
13087,500.0
13088,500.0
13089,500.0
13090,500.0
13091,500.0
13092,156.0
13093,129.0
13094,142.0
13095,500.0
13096,500.0
13097,500.0
13098,431.0
13099,120.0
13100,132.0
13101,500.0
13102,500.0
13103,377.0
13104,500.0
13105,500.0
13106,188.0
13107,500.0
13108,333.0
13109,173.0
13110,500.0
13111,500.0
13112,189.0
13113,204.0
13114,244.0
13115,451.0
13116,500.0
13117,500.0
13118,500.0
13119,500.0
13120,500.0
13121,500.0
13122,500.0
13123,333.0
13124,500.0
13125,129.0
13126,121.0
13127,400.0
13128,500.0
13129,342.0
13130,346.0
13131,500.0
13132,120.0
13133,500.0
13134,500.0
13135,500.0
13136,500.0
13137,500.0
13138,500.0
13139,500.0
13140,371.0
13141,500.0
13142,500.0
13143,500.0
13144,498.0
13145,436.0
13146,500.0
13147,438.0
13148,455.0
13149,500.0
13150,417.0
13151,377.0
13152,500.0
13153,500.0
13154,256.0
13155,158.0
13156,122.0
13157,172.0
13158,291.0
13159,500.0
13160,500.0
13161,388.0
13162,356.0
13163,402.0
13164,311.0
13165,398.0
13166,362.0
13167,465.0
13168,98.0
13169,500.0
13170,391.0
13171,325.0
13172,281.0
13173,375.0
13174,500.0
13175,479.0
13176,415.0
13177,384.0
13178,500.0
13179,500.0
13180,442.0
13181,455.0
13182,443.0
13183,331.0
13184,428.0
13185,500.0
13186,316.0
13187,474.0
13188,326.0
13189,500.0
13190,476.0
13191,470.0
13192,440.0
13193,367.0
13194,500.0
13195,460.0
13196,355.0
13197,463.0
13198,12.0
13199,136.0
13200,340.0
13201,500.0
13202,464.0
13203,500.0
13204,450.0
13205,500.0
13206,419.0
13207,457.0
13208,70.0
13209,387.0
13210,500.0
13211,500.0
13212,500.0
13213,500.0
13214,294.0
13215,500.0
13216,500.0
13217,334.0
13218,500.0
13219,472.0
13220,292.0
13221,411.0
13222,500.0
13223,265.0
13224,248.0
13225,500.0
13226,500.0
13227,435.0
13228,196.0
13229,87.0
13230,381.0
13231,395.0
13232,422.0
13233,500.0
13234,500.0
13235,500.0
13236,500.0
13237,500.0
13238,500.0
13239,416.0
13240,278.0
13241,240.0
13242,213.0
13243,218.0
13244,355.0
13245,427.0
13246,391.0
13247,500.0
13248,244.0
13249,332.0
13250,309.0
13251,326.0
13252,500.0
13253,377.0
13254,500.0
13255,333.0
13256,262.0
13257,303.0
13258,500.0
13259,363.0
13260,457.0
13261,309.0
13262,63.0
13263,76.0
13264,64.0
13265,76.0
13266,72.0
13267,120.0
13268,500.0
13269,500.0
13270,338.0
13271,306.0
13272,374.0
13273,196.0
13274,394.0
13275,300.0
13276,275.0
13277,398.0
13278,356.0
13279,296.0
13280,456.0
13281,286.0
13282,249.0
13283,265.0
13284,304.0
13285,234.0
13286,186.0
13287,270.0
13288,460.0
13289,342.0
13290,417.0
13291,355.0
13292,452.0
13293,381.0
13294,309.0
13295,283.0
13296,378.0
13297,318.0
13298,500.0
13299,453.0
13300,285.0
13301,494.0
13302,500.0
13303,500.0
13304,500.0
13305,500.0
13306,500.0
13307,385.0
13308,489.0
13309,289.0
13310,245.0
13311,97.0
13312,122.0
13313,251.0
13314,276.0
13315,235.0
13316,373.0
13317,115.0
13318,210.0
13319,120.0
13320,114.0
13321,113.0
13322,180.0
13323,124.0
13324,130.0
13325,241.0
13326,177.0
13327,118.0
13328,119.0
13329,108.0
13330,132.0
13331,129.0
13332,119.0
13333,139.0
13334,134.0
13335,121.0
13336,127.0
13337,121.0
13338,150.0
13339,500.0
13340,212.0
13341,156.0
13342,500.0
13343,190.0
13344,500.0
13345,500.0
13346,389.0
13347,500.0
13348,500.0
13349,500.0
13350,500.0
13351,500.0
13352,500.0
13353,500.0
13354,142.0
13355,500.0
13356,481.0
13357,500.0
13358,343.0
13359,500.0
13360,500.0
13361,500.0
13362,283.0
13363,500.0
13364,500.0
13365,238.0
13366,500.0
13367,343.0
13368,294.0
13369,220.0
13370,213.0
13371,256.0
13372,500.0
13373,355.0
13374,312.0
13375,313.0
13376,313.0
13377,295.0
13378,382.0
13379,500.0
13380,500.0
13381,214.0
13382,249.0
13383,257.0
13384,500.0
13385,500.0
13386,500.0
13387,276.0
13388,500.0
13389,500.0
13390,500.0
13391,500.0
13392,399.0
13393,500.0
13394,160.0
13395,500.0
13396,500.0
13397,500.0
13398,151.0
13399,440.0
13400,394.0
13401,142.0
13402,135.0
13403,307.0
13404,142.0
13405,139.0
13406,133.0
13407,368.0
13408,351.0
13409,129.0
13410,351.0
13411,124.0
13412,228.0
13413,125.0
13414,365.0
13415,500.0
13416,414.0
13417,339.0
13418,467.0
13419,457.0
13420,278.0
13421,500.0
13422,418.0
13423,500.0
13424,500.0
13425,479.0
13426,500.0
13427,276.0
13428,500.0
13429,500.0
13430,493.0
13431,500.0
13432,500.0
13433,500.0
13434,500.0
13435,500.0
13436,215.0
13437,468.0
13438,500.0
13439,500.0
13440,500.0
13441,190.0
13442,499.0
13443,175.0
13444,383.0
13445,500.0
13446,500.0
13447,500.0
13448,500.0
13449,167.0
13450,500.0
13451,500.0
13452,500.0
13453,500.0
13454,301.0
13455,500.0
13456,500.0
13457,500.0
13458,500.0
13459,500.0
13460,500.0
13461,222.0
13462,500.0
13463,500.0
13464,500.0
13465,500.0
13466,186.0
13467,500.0
13468,121.0
13469,463.0
13470,500.0
13471,500.0
13472,500.0
13473,141.0
13474,500.0
13475,500.0
13476,500.0
13477,500.0
13478,500.0
13479,500.0
13480,500.0
13481,500.0
13482,500.0
13483,500.0
13484,500.0
13485,500.0
13486,500.0
13487,397.0
13488,382.0
13489,386.0
13490,416.0
13491,325.0
13492,413.0
13493,305.0
13494,438.0
13495,397.0
13496,500.0
13497,323.0
13498,324.0
13499,310.0
13500,282.0
13501,500.0
13502,112.0
13503,138.0
13504,140.0
13505,170.0
13506,346.0
13507,176.0
13508,241.0
13509,396.0
13510,460.0
13511,116.0
13512,146.0
13513,128.0
13514,151.0
13515,274.0
13516,213.0
13517,192.0
13518,361.0
13519,500.0
13520,450.0
13521,436.0
13522,500.0
13523,500.0
13524,500.0
13525,500.0
13526,500.0
13527,500.0
13528,456.0
13529,333.0
13530,333.0
13531,314.0
13532,390.0
13533,197.0
13534,171.0
13535,144.0
13536,342.0
13537,386.0
13538,284.0
13539,76.0
13540,73.0
13541,209.0
13542,500.0
13543,500.0
13544,500.0
13545,500.0
13546,500.0
13547,500.0
13548,500.0
13549,500.0
13550,500.0
13551,200.0
13552,230.0
13553,241.0
13554,278.0
13555,352.0
13556,287.0
13557,450.0
13558,500.0
13559,445.0
13560,349.0
13561,315.0
13562,243.0
13563,214.0
13564,500.0
13565,500.0
13566,397.0
13567,399.0
13568,207.0
13569,333.0
13570,297.0
13571,459.0
13572,307.0
13573,391.0
13574,321.0
13575,445.0
13576,500.0
13577,500.0
13578,426.0
13579,500.0
13580,482.0
13581,500.0
13582,500.0
13583,500.0
13584,500.0
13585,429.0
13586,249.0
13587,500.0
13588,314.0
13589,500.0
13590,474.0
13591,413.0
13592,390.0
13593,479.0
13594,500.0
13595,350.0
13596,318.0
13597,50.0
13598,254.0
13599,37.0
13600,33.0
13601,26.0
13602,30.0
13603,35.0
13604,37.0
13605,39.0
13606,30.0
13607,28.0
13608,34.0
13609,36.0
13610,58.0
13611,154.0
13612,482.0
13613,282.0
13614,500.0
13615,390.0
13616,500.0
13617,500.0
13618,211.0
13619,177.0
13620,188.0
13621,206.0
13622,189.0
13623,374.0
13624,345.0
13625,500.0
13626,467.0
13627,500.0
13628,445.0
13629,443.0
13630,500.0
13631,500.0
13632,450.0
13633,196.0
13634,196.0
13635,217.0
13636,240.0
13637,500.0
13638,500.0
13639,500.0
13640,500.0
13641,500.0
13642,500.0
13643,500.0
13644,237.0
13645,500.0
13646,500.0
13647,293.0
13648,500.0
13649,500.0
13650,500.0
13651,324.0
13652,500.0
13653,500.0
13654,500.0
13655,500.0
13656,500.0
13657,500.0
13658,372.0
13659,500.0
13660,387.0
13661,350.0
13662,172.0
13663,268.0
13664,500.0
13665,367.0
13666,500.0
13667,500.0
13668,500.0
13669,500.0
13670,500.0
13671,336.0
13672,229.0
13673,231.0
13674,500.0
13675,500.0
13676,225.0
13677,399.0
13678,256.0
13679,500.0
13680,500.0
13681,494.0
13682,352.0
13683,500.0
13684,500.0
13685,314.0
13686,266.0
13687,276.0
13688,500.0
13689,500.0
13690,500.0
13691,500.0
13692,500.0
13693,295.0
13694,500.0
13695,500.0
13696,500.0
13697,500.0
13698,500.0
13699,500.0
13700,296.0
13701,500.0
13702,500.0
13703,500.0
13704,500.0
13705,186.0
13706,500.0
13707,360.0
13708,177.0
13709,500.0
13710,343.0
13711,190.0
13712,181.0
13713,387.0
13714,228.0
13715,432.0
13716,500.0
13717,500.0
13718,500.0
13719,500.0
13720,145.0
13721,500.0
13722,500.0
13723,500.0
13724,500.0
13725,500.0
13726,500.0
13727,500.0
13728,500.0
13729,500.0
13730,500.0
13731,500.0
13732,500.0
13733,500.0
13734,500.0
13735,500.0
13736,500.0
13737,500.0
13738,500.0
13739,500.0
13740,500.0
13741,500.0
13742,164.0
13743,166.0
13744,500.0
13745,190.0
13746,173.0
13747,166.0
13748,153.0
13749,185.0
13750,198.0
13751,500.0
13752,500.0
13753,500.0
13754,10.0
13755,136.0
13756,401.0
13757,158.0
13758,256.0
13759,500.0
13760,228.0
13761,224.0
13762,500.0
13763,198.0
13764,220.0
13765,172.0
13766,408.0
13767,500.0
13768,190.0
13769,439.0
13770,500.0
13771,385.0
13772,170.0
13773,374.0
13774,435.0
13775,500.0
13776,500.0
13777,294.0
13778,493.0
13779,377.0
13780,500.0
13781,429.0
13782,500.0
13783,365.0
13784,268.0
13785,257.0
13786,375.0
13787,282.0
13788,394.0
13789,500.0
13790,500.0
13791,454.0
13792,500.0
13793,441.0
13794,151.0
13795,500.0
13796,500.0
13797,500.0
13798,500.0
13799,500.0
13800,500.0
13801,500.0
13802,500.0
13803,500.0
13804,289.0
13805,481.0
13806,500.0
13807,266.0
13808,218.0
13809,200.0
13810,268.0
13811,351.0
13812,235.0
13813,487.0
13814,340.0
13815,483.0
13816,466.0
13817,359.0
13818,486.0
13819,460.0
13820,423.0
13821,500.0
13822,432.0
13823,335.0
13824,175.0
13825,198.0
13826,331.0
13827,500.0
13828,500.0
13829,378.0
13830,292.0
13831,500.0
13832,237.0
13833,250.0
13834,187.0
13835,347.0
13836,500.0
13837,314.0
13838,322.0
13839,341.0
13840,457.0
13841,416.0
13842,425.0
13843,203.0
13844,278.0
13845,338.0
13846,227.0
13847,197.0
13848,200.0
13849,207.0
13850,500.0
13851,304.0
13852,428.0
13853,215.0
13854,207.0
13855,214.0
13856,233.0
13857,311.0
13858,255.0
13859,500.0
13860,488.0
13861,277.0
13862,418.0
13863,361.0
13864,207.0
13865,490.0
13866,205.0
13867,200.0
13868,184.0
13869,192.0
13870,171.0
13871,153.0
13872,140.0
13873,165.0
13874,62.0
13875,177.0
13876,153.0
13877,164.0
13878,208.0
13879,397.0
13880,169.0
13881,177.0
13882,181.0
13883,182.0
13884,170.0
13885,163.0
13886,168.0
13887,235.0
13888,336.0
13889,180.0
13890,188.0
13891,182.0
13892,168.0
13893,205.0
13894,264.0
13895,400.0
13896,476.0
13897,500.0
13898,500.0
13899,500.0
13900,407.0
13901,438.0
13902,208.0
13903,214.0
13904,196.0
13905,190.0
13906,156.0
13907,150.0
13908,160.0
13909,199.0
13910,229.0
13911,216.0
13912,198.0
13913,186.0
13914,187.0
13915,218.0
13916,220.0
13917,190.0
13918,196.0
13919,173.0
13920,172.0
13921,164.0
13922,164.0
13923,11.0
13924,10.0
13925,150.0
13926,229.0
13927,246.0
13928,274.0
13929,292.0
13930,302.0
13931,279.0
13932,335.0
13933,189.0
13934,187.0
13935,186.0
13936,219.0
13937,293.0
13938,299.0
13939,213.0
13940,200.0
13941,267.0
13942,215.0
13943,240.0
13944,366.0
13945,251.0
13946,284.0
13947,291.0
13948,270.0
13949,264.0
13950,268.0
13951,323.0
13952,385.0
13953,418.0
13954,364.0
13955,288.0
13956,308.0
13957,500.0
13958,258.0
13959,256.0
13960,252.0
13961,305.0
13962,500.0
13963,319.0
13964,444.0
13965,394.0
13966,500.0
13967,262.0
13968,497.0
13969,327.0
13970,491.0
13971,331.0
13972,500.0
13973,500.0
13974,415.0
13975,500.0
13976,500.0
13977,500.0
13978,496.0
13979,500.0
13980,500.0
13981,500.0
13982,500.0
13983,500.0
13984,432.0
13985,500.0
13986,500.0
13987,500.0
13988,373.0
13989,440.0
13990,381.0
13991,500.0
13992,189.0
13993,177.0
13994,176.0
13995,371.0
13996,173.0
13997,138.0
13998,338.0
13999,178.0
14000,377.0
14001,118.0
14002,131.0
14003,171.0
14004,171.0
14005,210.0
14006,158.0
14007,368.0
14008,376.0
14009,458.0
14010,160.0
14011,398.0
14012,369.0
14013,457.0
14014,500.0
14015,500.0
14016,500.0
14017,500.0
14018,500.0
14019,500.0
14020,500.0
14021,500.0
14022,500.0
14023,447.0
14024,451.0
14025,389.0
14026,356.0
14027,164.0
14028,134.0
14029,129.0
14030,150.0
14031,157.0
14032,155.0
14033,158.0
14034,134.0
14035,177.0
14036,131.0
14037,128.0
14038,137.0
14039,137.0
14040,122.0
14041,143.0
14042,138.0
14043,136.0
14044,137.0
14045,131.0
14046,223.0
14047,133.0
14048,132.0
14049,117.0
14050,116.0
14051,99.0
14052,109.0
14053,117.0
14054,118.0
14055,108.0
14056,107.0
14057,100.0
14058,115.0
14059,118.0
14060,129.0
14061,316.0
14062,132.0
14063,113.0
14064,122.0
14065,122.0
14066,157.0
14067,141.0
14068,152.0
14069,121.0
14070,117.0
14071,191.0
14072,454.0
14073,282.0
14074,212.0
14075,233.0
14076,253.0
14077,258.0
14078,243.0
14079,272.0
14080,345.0
14081,210.0
14082,144.0
14083,371.0
14084,188.0
14085,229.0
14086,250.0
14087,405.0
14088,207.0
14089,282.0
14090,203.0
14091,185.0
14092,204.0
14093,240.0
14094,318.0
14095,335.0
14096,229.0
14097,280.0
14098,240.0
14099,217.0
14100,233.0
14101,214.0
14102,204.0
14103,223.0
14104,233.0
14105,189.0
14106,210.0
14107,433.0
14108,500.0
14109,500.0
14110,500.0
14111,500.0
14112,500.0
14113,500.0
14114,500.0
14115,500.0
14116,500.0
14117,174.0
14118,500.0
14119,318.0
14120,500.0
14121,340.0
14122,45.0
14123,55.0
14124,39.0
14125,43.0
14126,22.0
14127,41.0
14128,44.0
14129,32.0
14130,22.0
14131,27.0
14132,24.0
14133,30.0
14134,30.0
14135,31.0
14136,20.0
14137,55.0
14138,34.0
14139,500.0
14140,500.0
14141,204.0
14142,205.0
14143,385.0
14144,241.0
14145,444.0
14146,491.0
14147,500.0
14148,500.0
14149,500.0
14150,500.0
14151,500.0
14152,500.0
14153,500.0
14154,500.0
14155,500.0
14156,500.0
14157,500.0
14158,500.0
14159,500.0
14160,500.0
14161,500.0
14162,500.0
14163,500.0
14164,500.0
14165,500.0
14166,500.0
14167,500.0
14168,48.0
14169,32.0
14170,21.0
14171,255.0
14172,144.0
14173,166.0
14174,500.0
14175,500.0
14176,500.0
14177,500.0
14178,500.0
14179,500.0
14180,500.0
14181,500.0
14182,500.0
14183,500.0
14184,500.0
14185,500.0
14186,500.0
14187,500.0
14188,500.0
14189,312.0
14190,216.0
14191,218.0
14192,211.0
14193,182.0
14194,173.0
14195,375.0
14196,208.0
14197,181.0
14198,184.0
14199,167.0
14200,191.0
14201,154.0
14202,164.0
14203,158.0
14204,195.0
14205,174.0
14206,133.0
14207,146.0
14208,176.0
14209,130.0
14210,133.0
14211,121.0
14212,131.0
14213,159.0
14214,123.0
14215,130.0
14216,136.0
14217,136.0
14218,134.0
14219,144.0
14220,135.0
14221,127.0
14222,136.0
14223,137.0
14224,142.0
14225,174.0
14226,427.0
14227,246.0
14228,210.0
14229,144.0
14230,132.0
14231,144.0
14232,184.0
14233,229.0
14234,157.0
14235,181.0
14236,444.0
14237,257.0
14238,228.0
14239,220.0
14240,248.0
14241,256.0
14242,230.0
14243,229.0
14244,292.0
14245,381.0
14246,500.0
14247,442.0
14248,500.0
14249,500.0
14250,483.0
14251,285.0
14252,265.0
14253,357.0
14254,300.0
14255,301.0
14256,260.0
14257,318.0
14258,356.0
14259,273.0
14260,500.0
14261,500.0
14262,500.0
14263,500.0
14264,500.0
14265,500.0
14266,102.0
14267,125.0
14268,128.0
14269,399.0
14270,500.0
14271,267.0
14272,234.0
14273,373.0
14274,198.0
14275,147.0
14276,500.0
14277,500.0
14278,252.0
14279,500.0
14280,452.0
14281,500.0
14282,315.0
14283,500.0
14284,500.0
14285,500.0
14286,500.0
14287,500.0
14288,127.0
14289,122.0
14290,117.0
14291,128.0
14292,500.0
14293,500.0
14294,500.0
14295,500.0
14296,500.0
14297,500.0
14298,500.0
14299,500.0
14300,500.0
14301,500.0
14302,500.0
14303,479.0
14304,500.0
14305,500.0
14306,115.0
14307,206.0
14308,143.0
14309,276.0
14310,179.0
14311,164.0
14312,500.0
14313,500.0
14314,500.0
14315,392.0
14316,500.0
14317,500.0
14318,500.0
14319,424.0
14320,193.0
14321,157.0
14322,314.0
14323,460.0
14324,309.0
14325,105.0
14326,172.0
14327,500.0
14328,313.0
14329,262.0
14330,237.0
14331,309.0
14332,500.0
14333,173.0
14334,272.0
14335,220.0
14336,393.0
14337,204.0
14338,276.0
14339,210.0
14340,198.0
14341,500.0
14342,309.0
14343,500.0
14344,500.0
14345,500.0
14346,332.0
14347,188.0
14348,277.0
14349,142.0
14350,500.0
14351,500.0
14352,500.0
14353,500.0
14354,500.0
14355,500.0
14356,500.0
14357,478.0
14358,192.0
14359,157.0
14360,241.0
14361,457.0
14362,358.0
14363,118.0
14364,131.0
14365,192.0
14366,250.0
14367,500.0
14368,500.0
14369,211.0
14370,217.0
14371,198.0
14372,223.0
14373,135.0
14374,176.0
14375,170.0
14376,127.0
14377,207.0
14378,152.0
14379,152.0
14380,157.0
14381,189.0
14382,194.0
14383,285.0
14384,183.0
14385,173.0
14386,162.0
14387,149.0
14388,500.0
14389,313.0
14390,500.0
14391,500.0
14392,198.0
14393,200.0
14394,431.0
14395,181.0
14396,500.0
14397,500.0
14398,189.0
14399,194.0
14400,206.0
14401,174.0
14402,192.0
14403,180.0
14404,181.0
14405,164.0
14406,191.0
14407,242.0
14408,455.0
14409,148.0
14410,148.0
14411,157.0
14412,190.0
14413,500.0
14414,500.0
14415,441.0
14416,154.0
14417,243.0
14418,500.0
14419,165.0
14420,213.0
14421,205.0
14422,500.0
14423,500.0
14424,500.0
14425,500.0
14426,339.0
14427,500.0
14428,500.0
14429,165.0
14430,200.0
14431,195.0
14432,152.0
14433,247.0
14434,193.0
14435,139.0
14436,124.0
14437,500.0
14438,500.0
14439,500.0
14440,500.0
14441,421.0
14442,500.0
14443,500.0
14444,500.0
14445,500.0
14446,107.0
14447,125.0
14448,131.0
14449,127.0
14450,132.0
14451,389.0
14452,249.0
14453,500.0
14454,473.0
14455,500.0
14456,266.0
14457,162.0
14458,202.0
14459,500.0
14460,500.0
14461,280.0
14462,128.0
14463,145.0
14464,500.0
14465,266.0
14466,500.0
14467,500.0
14468,500.0
14469,270.0
14470,309.0
14471,500.0
14472,500.0
14473,500.0
14474,208.0
14475,197.0
14476,500.0
14477,413.0
14478,253.0
14479,233.0
14480,500.0
14481,339.0
14482,194.0
14483,500.0
14484,135.0
14485,170.0
14486,300.0
14487,500.0
14488,278.0
14489,129.0
14490,144.0
14491,197.0
14492,494.0
14493,240.0
14494,500.0
14495,500.0
14496,144.0
14497,278.0
14498,500.0
14499,500.0
14500,500.0
14501,156.0
14502,171.0
14503,133.0
14504,84.0
14505,500.0
14506,215.0
14507,182.0
14508,258.0
14509,484.0
14510,260.0
14511,429.0
14512,382.0
14513,279.0
14514,255.0
14515,500.0
14516,436.0
14517,386.0
14518,500.0
14519,500.0
14520,500.0
14521,500.0
14522,500.0
14523,337.0
14524,500.0
14525,500.0
14526,500.0
14527,500.0
14528,500.0
14529,500.0
14530,302.0
14531,271.0
14532,225.0
14533,295.0
14534,238.0
14535,453.0
14536,247.0
14537,363.0
14538,425.0
14539,199.0
14540,309.0
14541,194.0
14542,164.0
14543,128.0
14544,135.0
14545,136.0
14546,164.0
14547,196.0
14548,417.0
14549,137.0
14550,144.0
14551,146.0
14552,147.0
14553,500.0
14554,177.0
14555,500.0
14556,196.0
14557,434.0
14558,419.0
14559,500.0
14560,500.0
14561,500.0
14562,500.0
14563,500.0
14564,500.0
14565,500.0
14566,500.0
14567,127.0
14568,134.0
14569,379.0
14570,175.0
14571,187.0
14572,238.0
14573,371.0
14574,168.0
14575,205.0
14576,265.0
14577,159.0
14578,416.0
14579,186.0
14580,477.0
14581,182.0
14582,291.0
14583,368.0
14584,293.0
14585,387.0
14586,215.0
14587,171.0
14588,261.0
14589,156.0
14590,157.0
14591,181.0
14592,257.0
14593,309.0
14594,184.0
14595,258.0
14596,153.0
14597,121.0
14598,178.0
14599,134.0
14600,126.0
14601,164.0
14602,209.0
14603,153.0
14604,255.0
14605,320.0
14606,274.0
14607,290.0
14608,371.0
14609,276.0
14610,241.0
14611,488.0
14612,500.0
14613,500.0
14614,500.0
14615,500.0
14616,500.0
14617,250.0
14618,186.0
14619,182.0
14620,176.0
14621,210.0
14622,171.0
14623,183.0
14624,169.0
14625,163.0
14626,186.0
14627,160.0
14628,173.0
14629,143.0
14630,149.0
14631,182.0
14632,166.0
14633,160.0
14634,179.0
14635,283.0
14636,272.0
14637,274.0
14638,39.0
14639,51.0
14640,49.0
14641,200.0
14642,257.0
14643,335.0
14644,159.0
14645,155.0
14646,136.0
14647,144.0
14648,161.0
14649,160.0
14650,164.0
14651,186.0
14652,445.0
14653,500.0
14654,355.0
14655,110.0
14656,158.0
14657,154.0
14658,381.0
14659,176.0
14660,162.0
14661,172.0
14662,234.0
14663,500.0
14664,407.0
14665,409.0
14666,337.0
14667,244.0
14668,344.0
14669,182.0
14670,171.0
14671,119.0
14672,158.0
14673,142.0
14674,403.0
14675,500.0
14676,222.0
14677,227.0
14678,177.0
14679,241.0
14680,500.0
14681,500.0
14682,180.0
14683,207.0
14684,500.0
14685,500.0
14686,500.0
14687,500.0
14688,500.0
14689,500.0
14690,444.0
14691,500.0
14692,500.0
14693,500.0
14694,500.0
14695,500.0
14696,500.0
14697,500.0
14698,500.0
14699,500.0
14700,410.0
14701,500.0
14702,500.0
14703,500.0
14704,500.0
14705,500.0
14706,500.0
14707,500.0
14708,500.0
14709,500.0
14710,500.0
14711,500.0
14712,500.0
14713,500.0
14714,500.0
14715,500.0
14716,500.0
14717,500.0
14718,500.0
14719,500.0
14720,500.0
14721,500.0
14722,500.0
14723,500.0
14724,500.0
14725,500.0
14726,500.0
14727,500.0
14728,500.0
14729,500.0
14730,144.0
14731,59.0
14732,81.0
14733,484.0
14734,101.0
14735,500.0
14736,383.0
14737,163.0
14738,251.0
14739,313.0
14740,500.0
14741,500.0
14742,500.0
14743,500.0
14744,500.0
14745,500.0
14746,417.0
14747,500.0
14748,449.0
14749,500.0
14750,500.0
14751,500.0
14752,500.0
14753,500.0
14754,500.0
14755,500.0
14756,500.0
14757,500.0
14758,341.0
14759,500.0
14760,500.0
14761,500.0
14762,500.0
14763,388.0
14764,368.0
14765,500.0
14766,500.0
14767,500.0
14768,500.0
14769,500.0
14770,500.0
14771,500.0
14772,500.0
14773,500.0
14774,351.0
14775,288.0
14776,336.0
14777,222.0
14778,185.0
14779,165.0
14780,168.0
14781,222.0
14782,277.0
14783,173.0
14784,127.0
14785,122.0
14786,108.0
14787,115.0
14788,101.0
14789,104.0
14790,116.0
14791,41.0
14792,103.0
14793,134.0
14794,113.0
14795,109.0
14796,114.0
14797,95.0
14798,109.0
14799,99.0
14800,94.0
14801,104.0
14802,116.0
14803,118.0
14804,119.0
14805,113.0
14806,111.0
14807,104.0
14808,114.0
14809,105.0
14810,118.0
14811,117.0
14812,116.0
14813,125.0
14814,120.0
14815,117.0
14816,139.0
14817,135.0
14818,121.0
14819,145.0
14820,143.0
14821,141.0
14822,150.0
14823,155.0
14824,144.0
14825,156.0
14826,153.0
14827,500.0
14828,500.0
14829,500.0
14830,182.0
14831,500.0
14832,500.0
14833,500.0
14834,500.0
14835,500.0
14836,500.0
14837,500.0
14838,500.0
14839,500.0
14840,500.0
14841,500.0
14842,500.0
14843,500.0
14844,500.0
14845,500.0
14846,500.0
14847,243.0
14848,500.0
14849,200.0
14850,102.0
14851,113.0
14852,157.0
14853,40.0
14854,41.0
14855,47.0
14856,47.0
14857,182.0
14858,13.0
14859,12.0
14860,12.0
14861,15.0
14862,11.0
14863,10.0
14864,13.0
14865,10.0
14866,9.0
14867,11.0
14868,10.0
14869,10.0
14870,11.0
14871,16.0
14872,16.0
14873,13.0
14874,12.0
14875,19.0
14876,15.0
14877,11.0
14878,12.0
14879,14.0
14880,14.0
14881,13.0
14882,22.0
14883,82.0
14884,500.0
14885,500.0
14886,500.0
14887,500.0
14888,500.0
14889,500.0
14890,500.0
14891,500.0
14892,500.0
14893,500.0
14894,500.0
14895,500.0
14896,500.0
14897,500.0
14898,500.0
14899,500.0
14900,500.0
14901,500.0
14902,500.0
14903,500.0
14904,500.0
14905,500.0
14906,500.0
14907,500.0
14908,500.0
14909,500.0
14910,500.0
14911,500.0
14912,500.0
14913,500.0
14914,500.0
14915,500.0
14916,500.0
14917,500.0
14918,500.0
14919,500.0
14920,500.0
14921,500.0
14922,500.0
14923,500.0
14924,500.0
14925,500.0
14926,500.0
14927,500.0
14928,424.0
14929,430.0
14930,500.0
14931,177.0
14932,158.0
14933,178.0
14934,158.0
14935,173.0
14936,150.0
14937,179.0
14938,128.0
14939,132.0
14940,153.0
14941,90.0
14942,149.0
14943,119.0
14944,126.0
14945,143.0
14946,130.0
14947,134.0
14948,157.0
14949,157.0
14950,234.0
14951,125.0
14952,150.0
14953,133.0
14954,134.0
14955,203.0
14956,123.0
14957,137.0
14958,165.0
14959,153.0
14960,167.0
14961,175.0
14962,146.0
14963,130.0
14964,149.0
14965,124.0
14966,144.0
14967,166.0
14968,175.0
14969,201.0
14970,172.0
14971,243.0
14972,270.0
14973,214.0
14974,173.0
14975,198.0
14976,190.0
14977,188.0
14978,194.0
14979,226.0
14980,218.0
14981,186.0
14982,172.0
14983,188.0
14984,187.0
14985,188.0
14986,187.0
14987,172.0
14988,201.0
14989,172.0
14990,172.0
14991,183.0
14992,183.0
14993,192.0
14994,180.0
14995,170.0
14996,183.0
14997,166.0
14998,169.0
14999,170.0
15000,180.0
15001,179.0
15002,176.0
15003,175.0
15004,177.0
15005,180.0
15006,192.0
15007,180.0
15008,201.0
15009,183.0
15010,182.0
15011,208.0
15012,217.0
15013,206.0
15014,207.0
15015,196.0
15016,219.0
15017,231.0
15018,217.0
15019,239.0
15020,215.0
15021,224.0
15022,311.0
15023,251.0
15024,247.0
15025,224.0
15026,259.0
15027,192.0
15028,259.0
15029,280.0
15030,244.0
15031,236.0
15032,396.0
15033,245.0
15034,500.0
15035,500.0
15036,373.0
15037,500.0
15038,500.0
15039,500.0
15040,266.0
15041,237.0
15042,234.0
15043,350.0
15044,184.0
15045,107.0
15046,136.0
15047,135.0
15048,271.0
15049,159.0
15050,374.0
15051,274.0
15052,269.0
15053,314.0
15054,131.0
15055,253.0
15056,336.0
15057,230.0
15058,385.0
15059,410.0
15060,322.0
15061,423.0
15062,155.0
15063,158.0
15064,288.0
15065,127.0
15066,181.0
15067,215.0
15068,346.0
15069,343.0
15070,296.0
15071,320.0
15072,386.0
15073,293.0
15074,374.0
15075,399.0
15076,500.0
15077,500.0
15078,500.0
15079,500.0
15080,500.0
15081,500.0
15082,500.0
15083,500.0
15084,413.0
15085,406.0
15086,384.0
15087,500.0
15088,500.0
15089,371.0
15090,500.0
15091,358.0
15092,162.0
15093,137.0
15094,91.0
15095,145.0
15096,358.0
15097,280.0
15098,273.0
15099,443.0
15100,417.0
15101,263.0
15102,276.0
15103,354.0
15104,267.0
15105,269.0
15106,227.0
15107,500.0
15108,500.0
15109,500.0
15110,500.0
15111,500.0
15112,500.0
15113,500.0
15114,124.0
15115,500.0
15116,382.0
15117,500.0
15118,500.0
15119,500.0
15120,500.0
15121,500.0
15122,500.0
15123,500.0
15124,500.0
15125,500.0
15126,500.0
15127,467.0
15128,500.0
15129,208.0
15130,500.0
15131,313.0
15132,500.0
15133,500.0
15134,242.0
15135,500.0
15136,155.0
15137,415.0
15138,500.0
15139,159.0
15140,183.0
15141,172.0
15142,500.0
15143,165.0
15144,154.0
15145,173.0
15146,152.0
15147,176.0
15148,202.0
15149,157.0
15150,149.0
15151,142.0
15152,161.0
15153,163.0
15154,169.0
15155,185.0
15156,185.0
15157,172.0
15158,169.0
15159,192.0
15160,99.0
15161,164.0
15162,176.0
15163,182.0
15164,134.0
15165,102.0
15166,101.0
15167,104.0
15168,95.0
15169,85.0
15170,85.0
15171,77.0
15172,120.0
15173,102.0
15174,126.0
15175,76.0
15176,92.0
15177,70.0
15178,79.0
15179,64.0
15180,74.0
15181,72.0
15182,72.0
15183,79.0
15184,88.0
15185,112.0
15186,99.0
15187,126.0
15188,87.0
15189,70.0
15190,70.0
15191,93.0
15192,123.0
15193,125.0
15194,136.0
15195,150.0
15196,125.0
15197,130.0
15198,115.0
15199,124.0
15200,123.0
15201,135.0
15202,126.0
15203,471.0
15204,181.0
15205,165.0
15206,170.0
15207,143.0
15208,146.0
15209,145.0
15210,188.0
15211,182.0
15212,303.0
15213,149.0
15214,134.0
15215,146.0
15216,149.0
15217,148.0
15218,149.0
15219,147.0
15220,139.0
15221,150.0
15222,142.0
15223,136.0
15224,148.0
15225,148.0
15226,170.0
15227,166.0
15228,157.0
15229,198.0
15230,176.0
15231,188.0
15232,434.0
15233,500.0
15234,500.0
15235,500.0
15236,500.0
15237,500.0
15238,500.0
15239,500.0
15240,500.0
15241,500.0
15242,500.0
15243,297.0
15244,500.0
15245,500.0
15246,500.0
15247,500.0
15248,123.0
15249,160.0
15250,500.0
15251,500.0
15252,500.0
15253,500.0
15254,500.0
15255,500.0
15256,500.0
15257,500.0
15258,500.0
15259,226.0
15260,197.0
15261,168.0
15262,275.0
15263,52.0
15264,41.0
15265,49.0
15266,41.0
15267,82.0
15268,119.0
15269,500.0
15270,500.0
15271,500.0
15272,500.0
15273,500.0
15274,500.0
15275,500.0
15276,500.0
15277,500.0
15278,500.0
15279,325.0
15280,488.0
15281,272.0
15282,389.0
15283,131.0
15284,500.0
15285,500.0
15286,500.0
15287,500.0
15288,500.0
15289,500.0
15290,500.0
15291,500.0
15292,500.0
15293,500.0
15294,500.0
15295,500.0
15296,500.0
15297,174.0
15298,500.0
15299,500.0
15300,500.0
15301,500.0
15302,500.0
15303,500.0
15304,500.0
15305,500.0
15306,500.0
15307,500.0
15308,500.0
15309,500.0
15310,234.0
15311,185.0
15312,187.0
15313,274.0
15314,189.0
15315,158.0
15316,139.0
15317,142.0
15318,144.0
15319,155.0
15320,135.0
15321,147.0
15322,154.0
15323,140.0
15324,135.0
15325,175.0
15326,131.0
15327,136.0
15328,126.0
15329,159.0
15330,154.0
15331,182.0
15332,158.0
15333,181.0
15334,171.0
15335,165.0
15336,207.0
15337,187.0
15338,154.0
15339,168.0
15340,172.0
15341,178.0
15342,268.0
15343,171.0
15344,170.0
15345,184.0
15346,197.0
15347,500.0
15348,500.0
15349,500.0
15350,500.0
15351,500.0
15352,500.0
15353,500.0
15354,500.0
15355,500.0
15356,500.0
15357,500.0
15358,500.0
15359,500.0
15360,500.0
15361,500.0
15362,500.0
15363,95.0
15364,72.0
15365,68.0
15366,66.0
15367,67.0
15368,62.0
15369,30.0
15370,11.0
15371,11.0
15372,11.0
15373,12.0
15374,10.0
15375,11.0
15376,10.0
15377,11.0
15378,13.0
15379,11.0
15380,10.0
15381,12.0
15382,81.0
15383,107.0
15384,500.0
15385,500.0
15386,500.0
15387,500.0
15388,500.0
15389,500.0
15390,500.0
15391,500.0
15392,500.0
15393,500.0
15394,500.0
15395,500.0
15396,500.0
15397,500.0
15398,500.0
15399,500.0
15400,244.0
15401,240.0
15402,268.0
15403,230.0
15404,214.0
15405,197.0
15406,190.0
15407,179.0
15408,169.0
15409,169.0
15410,170.0
15411,173.0
15412,176.0
15413,159.0
15414,155.0
15415,154.0
15416,145.0
15417,148.0
15418,156.0
15419,142.0
15420,137.0
15421,131.0
15422,131.0
15423,122.0
15424,116.0
15425,125.0
15426,120.0
15427,115.0
15428,105.0
15429,103.0
15430,101.0
15431,98.0
15432,103.0
15433,99.0
15434,96.0
15435,20.0
15436,97.0
15437,97.0
15438,100.0
15439,104.0
15440,98.0
15441,17.0
15442,98.0
15443,111.0
15444,106.0
15445,106.0
15446,102.0
15447,113.0
15448,105.0
15449,113.0
15450,110.0
15451,9.0
15452,110.0
15453,115.0
15454,125.0
15455,10.0
15456,10.0
15457,10.0
15458,9.0
15459,8.0
15460,113.0
15461,110.0
15462,110.0
15463,108.0
15464,108.0
15465,112.0
15466,116.0
15467,114.0
15468,119.0
15469,115.0
15470,111.0
15471,128.0
15472,122.0
15473,123.0
15474,120.0
15475,129.0
15476,124.0
15477,127.0
15478,126.0
15479,125.0
15480,126.0
15481,117.0
15482,116.0
15483,117.0
15484,116.0
15485,121.0
15486,115.0
15487,117.0
15488,115.0
15489,120.0
15490,119.0
15491,125.0
15492,127.0
15493,157.0
15494,121.0
15495,118.0
15496,48.0
15497,343.0
15498,500.0
15499,223.0
15500,105.0
15501,66.0
15502,69.0
15503,69.0
15504,66.0
15505,78.0
15506,81.0
15507,86.0
15508,61.0
15509,93.0
15510,78.0
15511,81.0
15512,77.0
15513,118.0
15514,151.0
15515,134.0
15516,125.0
15517,40.0
15518,173.0
15519,115.0
15520,88.0
15521,30.0
15522,125.0
15523,118.0
15524,83.0
15525,102.0
15526,126.0
15527,116.0
15528,59.0
15529,155.0
15530,105.0
15531,39.0
15532,154.0
15533,106.0
15534,128.0
15535,119.0
15536,107.0
15537,162.0
15538,163.0
15539,252.0
15540,125.0
15541,173.0
15542,500.0
15543,308.0
15544,500.0
15545,500.0
15546,500.0
15547,466.0
15548,500.0
15549,500.0
15550,500.0
15551,500.0
15552,500.0
15553,500.0
15554,500.0
15555,500.0
15556,500.0
15557,500.0
15558,500.0
15559,500.0
15560,252.0
15561,500.0
15562,471.0
15563,483.0
15564,207.0
15565,168.0
15566,298.0
15567,151.0
15568,190.0
15569,255.0
15570,310.0
15571,365.0
15572,368.0
15573,333.0
15574,228.0
15575,192.0
15576,156.0
15577,118.0
15578,105.0
15579,95.0
15580,106.0
15581,96.0
15582,89.0
15583,90.0
15584,91.0
15585,101.0
15586,96.0
15587,98.0
15588,106.0
15589,103.0
15590,107.0
15591,102.0
15592,92.0
15593,100.0
15594,102.0
15595,105.0
15596,107.0
15597,110.0
15598,109.0
15599,123.0
15600,165.0
15601,210.0
15602,249.0
15603,247.0
15604,192.0
15605,175.0
15606,162.0
15607,171.0
15608,162.0
15609,165.0
15610,160.0
15611,174.0
15612,178.0
15613,183.0
15614,213.0
15615,500.0
15616,129.0
15617,139.0
15618,134.0
15619,141.0
15620,149.0
15621,174.0
15622,184.0
15623,157.0
15624,167.0
15625,176.0
15626,500.0
15627,171.0
15628,159.0
15629,160.0
15630,151.0
15631,150.0
15632,151.0
15633,157.0
15634,180.0
15635,500.0
15636,500.0
15637,500.0
15638,500.0
15639,500.0
15640,286.0
15641,500.0
15642,500.0
15643,271.0
15644,232.0
15645,178.0
15646,500.0
15647,301.0
15648,336.0
15649,426.0
15650,185.0
15651,185.0
15652,500.0
15653,500.0
15654,77.0
15655,500.0
15656,235.0
15657,214.0
15658,329.0
15659,490.0
15660,500.0
15661,166.0
15662,270.0
15663,500.0
15664,500.0
15665,500.0
15666,500.0
15667,500.0
15668,500.0
15669,500.0
15670,500.0
15671,500.0
15672,500.0
15673,500.0
15674,500.0
15675,500.0
15676,500.0
15677,500.0
15678,500.0
15679,500.0
15680,500.0
15681,500.0
15682,500.0
15683,367.0
15684,387.0
15685,152.0
15686,156.0
15687,161.0
15688,163.0
15689,302.0
15690,500.0
15691,255.0
15692,205.0
15693,199.0
15694,300.0
15695,178.0
15696,170.0
15697,151.0
15698,159.0
15699,171.0
15700,159.0
15701,151.0
15702,156.0
15703,157.0
15704,160.0
15705,172.0
15706,484.0
15707,187.0
15708,329.0
15709,162.0
15710,500.0
15711,500.0
15712,163.0
15713,162.0
15714,183.0
15715,445.0
15716,483.0
15717,500.0
15718,500.0
15719,469.0
15720,500.0
15721,500.0
15722,500.0
15723,500.0
15724,500.0
15725,500.0
15726,452.0
15727,500.0
15728,500.0
15729,500.0
15730,428.0
15731,500.0
15732,500.0
15733,399.0
15734,500.0
15735,462.0
15736,500.0
15737,500.0
15738,500.0
15739,500.0
15740,157.0
15741,387.0
15742,500.0
15743,371.0
15744,110.0
15745,108.0
15746,124.0
15747,126.0
15748,119.0
15749,134.0
15750,125.0
15751,119.0
15752,137.0
15753,137.0
15754,151.0
15755,149.0
15756,500.0
15757,172.0
15758,124.0
15759,135.0
15760,133.0
15761,202.0
15762,134.0
15763,454.0
15764,145.0
15765,151.0
15766,500.0
15767,184.0
15768,153.0
15769,149.0
15770,500.0
15771,132.0
15772,473.0
15773,500.0
15774,500.0
15775,500.0
15776,73.0
15777,500.0
15778,500.0
15779,500.0
15780,176.0
15781,500.0
15782,500.0
15783,500.0
15784,500.0
15785,500.0
15786,150.0
15787,395.0
15788,131.0
15789,500.0
15790,500.0
15791,500.0
15792,500.0
15793,500.0
15794,457.0
15795,500.0
15796,500.0
15797,500.0
15798,500.0
15799,500.0
15800,500.0
15801,500.0
15802,500.0
15803,500.0
15804,500.0
15805,500.0
15806,500.0
15807,500.0
15808,500.0
15809,409.0
15810,459.0
15811,500.0
15812,485.0
15813,500.0
15814,500.0
15815,500.0
15816,500.0
15817,500.0
15818,127.0
15819,500.0
15820,500.0
15821,71.0
15822,59.0
15823,76.0
15824,71.0
15825,63.0
15826,59.0
15827,61.0
15828,391.0
15829,62.0
15830,56.0
15831,58.0
15832,65.0
15833,60.0
15834,63.0
15835,66.0
15836,63.0
15837,62.0
15838,76.0
15839,72.0
15840,92.0
15841,95.0
15842,80.0
15843,99.0
15844,105.0
15845,112.0
15846,100.0
15847,105.0
15848,116.0
15849,131.0
15850,129.0
15851,134.0
15852,121.0
15853,137.0
15854,127.0
15855,300.0
15856,500.0
15857,134.0
15858,126.0
15859,144.0
15860,335.0
15861,142.0
15862,435.0
15863,500.0
15864,367.0
15865,489.0
15866,417.0
15867,500.0
15868,334.0
15869,117.0
15870,427.0
15871,134.0
15872,500.0
15873,458.0
15874,144.0
15875,500.0
15876,500.0
15877,394.0
15878,327.0
15879,297.0
15880,209.0
15881,365.0
15882,263.0
15883,205.0
15884,409.0
15885,429.0
15886,483.0
15887,478.0
15888,348.0
15889,500.0
15890,496.0
15891,500.0
15892,428.0
15893,500.0
15894,500.0
15895,500.0
15896,444.0
15897,187.0
15898,500.0
15899,500.0
15900,500.0
15901,500.0
15902,279.0
15903,306.0
15904,449.0
15905,415.0
15906,468.0
15907,335.0
15908,500.0
15909,500.0
15910,466.0
15911,286.0
15912,131.0
15913,312.0
15914,413.0
15915,381.0
15916,297.0
15917,500.0
15918,359.0
15919,378.0
15920,462.0
15921,500.0
15922,477.0
15923,500.0
15924,311.0
15925,419.0
15926,500.0
15927,333.0
15928,500.0
15929,137.0
15930,329.0
15931,119.0
15932,124.0
15933,453.0
15934,232.0
15935,292.0
15936,500.0
15937,500.0
15938,435.0
15939,494.0
15940,500.0
15941,500.0
15942,326.0
15943,500.0
15944,421.0
15945,413.0
15946,446.0
15947,269.0
15948,412.0
15949,349.0
15950,243.0
15951,500.0
15952,500.0
15953,500.0
15954,500.0
15955,440.0
15956,476.0
15957,440.0
15958,500.0
15959,420.0
15960,500.0
15961,449.0
15962,481.0
15963,308.0
15964,336.0
15965,320.0
15966,342.0
15967,500.0
15968,500.0
15969,500.0
15970,500.0
15971,500.0
15972,500.0
15973,500.0
15974,500.0
15975,500.0
15976,500.0
15977,103.0
15978,105.0
15979,108.0
15980,500.0
15981,394.0
15982,500.0
15983,500.0
15984,500.0
15985,296.0
15986,500.0
15987,500.0
15988,500.0
15989,370.0
15990,97.0
15991,124.0
15992,296.0
15993,330.0
15994,266.0
15995,273.0
15996,241.0
15997,237.0
15998,307.0
15999,435.0
16000,331.0
16001,378.0
16002,295.0
16003,253.0
16004,282.0
16005,212.0
16006,243.0
16007,286.0
16008,277.0
16009,279.0
16010,295.0
16011,258.0
16012,274.0
16013,500.0
16014,414.0
16015,373.0
16016,369.0
16017,244.0
16018,310.0
16019,487.0
16020,296.0
16021,289.0
16022,229.0
16023,268.0
16024,221.0
16025,267.0
16026,500.0
16027,250.0
16028,500.0
16029,500.0
16030,500.0
16031,500.0
16032,421.0
16033,500.0
16034,25.0
16035,42.0
16036,42.0
16037,28.0
16038,30.0
16039,36.0
16040,29.0
16041,69.0
16042,92.0
16043,282.0
16044,302.0
16045,500.0
16046,346.0
16047,500.0
16048,346.0
16049,232.0
16050,500.0
16051,500.0
16052,500.0
16053,500.0
16054,500.0
16055,500.0
16056,500.0
16057,500.0
16058,500.0
16059,282.0
16060,500.0
16061,500.0
16062,500.0
16063,500.0
16064,309.0
16065,500.0
16066,500.0
16067,347.0
16068,208.0
16069,500.0
16070,500.0
16071,500.0
16072,131.0
16073,12.0
16074,10.0
16075,11.0
16076,46.0
16077,94.0
16078,83.0
16079,138.0
16080,500.0
16081,500.0
16082,500.0
16083,334.0
16084,500.0
16085,340.0
16086,287.0
16087,396.0
16088,328.0
16089,450.0
16090,349.0
16091,500.0
16092,327.0
16093,286.0
16094,297.0
16095,500.0
16096,297.0
16097,304.0
16098,333.0
16099,500.0
16100,363.0
16101,385.0
16102,500.0
16103,500.0
16104,500.0
16105,500.0
16106,500.0
16107,500.0
16108,500.0
16109,500.0
16110,500.0
16111,500.0
16112,500.0
16113,500.0
16114,500.0
16115,477.0
16116,500.0
16117,500.0
16118,500.0
16119,491.0
16120,500.0
16121,483.0
16122,225.0
16123,276.0
16124,273.0
16125,395.0
16126,120.0
16127,379.0
16128,400.0
16129,500.0
16130,447.0
16131,377.0
16132,472.0
16133,123.0
16134,469.0
16135,282.0
16136,346.0
16137,363.0
16138,500.0
16139,500.0
16140,500.0
16141,500.0
16142,500.0
16143,438.0
16144,366.0
16145,500.0
16146,357.0
16147,500.0
16148,199.0
16149,198.0
16150,215.0
16151,500.0
16152,376.0
16153,293.0
16154,431.0
16155,500.0
16156,331.0
16157,196.0
16158,500.0
16159,319.0
16160,173.0
16161,160.0
16162,215.0
16163,168.0
16164,156.0
16165,211.0
16166,175.0
16167,165.0
16168,215.0
16169,169.0
16170,368.0
16171,157.0
16172,189.0
16173,163.0
16174,492.0
16175,226.0
16176,357.0
16177,312.0
16178,169.0
16179,167.0
16180,172.0
16181,193.0
16182,193.0
16183,309.0
16184,445.0
16185,376.0
16186,373.0
16187,356.0
16188,319.0
16189,310.0
16190,400.0
16191,361.0
16192,226.0
16193,360.0
16194,346.0
16195,291.0
16196,497.0
16197,500.0
16198,500.0
16199,320.0
16200,418.0
16201,500.0
16202,490.0
16203,455.0
16204,390.0
16205,500.0
16206,488.0
16207,328.0
16208,232.0
16209,500.0
16210,287.0
16211,405.0
16212,156.0
16213,124.0
16214,427.0
16215,500.0
16216,500.0
16217,500.0
16218,500.0
16219,229.0
16220,136.0
16221,157.0
16222,143.0
16223,500.0
16224,152.0
16225,134.0
16226,500.0
16227,500.0
16228,500.0
16229,500.0
16230,500.0
16231,121.0
16232,157.0
16233,500.0
16234,500.0
16235,352.0
16236,490.0
16237,161.0
16238,129.0
16239,140.0
16240,183.0
16241,141.0
16242,273.0
16243,157.0
16244,197.0
16245,500.0
16246,500.0
16247,347.0
16248,150.0
16249,147.0
16250,159.0
16251,147.0
16252,154.0
16253,172.0
16254,136.0
16255,203.0
16256,500.0
16257,221.0
16258,178.0
16259,200.0
16260,324.0
16261,165.0
16262,452.0
16263,500.0
16264,183.0
16265,332.0
16266,384.0
16267,361.0
16268,500.0
16269,157.0
16270,150.0
16271,171.0
16272,206.0
16273,192.0
16274,463.0
16275,500.0
16276,500.0
16277,500.0
16278,500.0
16279,500.0
16280,500.0
16281,500.0
16282,269.0
16283,500.0
16284,54.0
16285,341.0
16286,104.0
16287,104.0
16288,83.0
16289,11.0
16290,69.0
16291,58.0
16292,26.0
16293,18.0
16294,97.0
16295,115.0
16296,500.0
16297,500.0
16298,500.0
16299,500.0
16300,500.0
16301,214.0
16302,368.0
16303,500.0
16304,500.0
16305,500.0
16306,500.0
16307,355.0
16308,500.0
16309,500.0
16310,500.0
16311,500.0
16312,500.0
16313,500.0
16314,500.0
16315,500.0
16316,500.0
16317,500.0
16318,500.0
16319,500.0
16320,500.0
16321,500.0
16322,500.0
16323,500.0
16324,500.0
16325,500.0
16326,500.0
16327,500.0
16328,500.0
16329,500.0
16330,500.0
16331,500.0
16332,212.0
16333,227.0
16334,140.0
16335,107.0
16336,169.0
16337,165.0
16338,201.0
16339,173.0
16340,204.0
16341,142.0
16342,141.0
16343,136.0
16344,150.0
16345,116.0
16346,137.0
16347,104.0
16348,118.0
16349,103.0
16350,110.0
16351,113.0
16352,117.0
16353,132.0
16354,188.0
16355,156.0
16356,129.0
16357,105.0
16358,115.0
16359,124.0
16360,121.0
16361,130.0
16362,123.0
16363,132.0
16364,123.0
16365,500.0
16366,500.0
16367,500.0
16368,251.0
16369,500.0
16370,276.0
16371,174.0
16372,234.0
16373,127.0
16374,121.0
16375,128.0
16376,199.0
16377,132.0
16378,134.0
16379,125.0
16380,167.0
16381,127.0
16382,132.0
16383,268.0
16384,420.0
16385,383.0
16386,408.0
16387,155.0
16388,155.0
16389,120.0
16390,366.0
16391,500.0
16392,500.0
16393,295.0
16394,483.0
16395,500.0
16396,500.0
16397,500.0
16398,500.0
16399,500.0
16400,323.0
16401,500.0
16402,500.0
16403,500.0
16404,500.0
16405,500.0
16406,500.0
16407,500.0
16408,500.0
16409,500.0
16410,500.0
16411,351.0
16412,500.0
16413,500.0
16414,149.0
16415,500.0
16416,158.0
16417,500.0
16418,500.0
16419,500.0
16420,500.0
16421,500.0
16422,500.0
16423,500.0
16424,500.0
16425,500.0
16426,472.0
16427,500.0
16428,500.0
16429,151.0
16430,428.0
16431,249.0
16432,234.0
16433,500.0
16434,500.0
16435,313.0
16436,500.0
16437,378.0
16438,267.0
16439,233.0
16440,500.0
16441,500.0
16442,500.0
16443,464.0
16444,500.0
16445,261.0
16446,272.0
16447,262.0
16448,199.0
16449,434.0
16450,500.0
16451,364.0
16452,500.0
16453,500.0
16454,500.0
16455,500.0
16456,500.0
16457,392.0
16458,500.0
16459,500.0
16460,500.0
16461,500.0
16462,182.0
16463,207.0
16464,209.0
16465,476.0
16466,248.0
16467,173.0
16468,53.0
16469,80.0
16470,94.0
16471,218.0
16472,276.0
16473,474.0
16474,500.0
16475,500.0
16476,296.0
16477,500.0
16478,155.0
16479,134.0
16480,142.0
16481,206.0
16482,500.0
16483,500.0
16484,208.0
16485,286.0
16486,500.0
16487,500.0
16488,500.0
16489,500.0
16490,500.0
16491,500.0
16492,500.0
16493,500.0
16494,500.0
16495,500.0
16496,500.0
16497,500.0
16498,500.0
16499,266.0
16500,368.0
16501,197.0
16502,500.0
16503,343.0
16504,500.0
16505,500.0
16506,287.0
16507,408.0
16508,500.0
16509,288.0
16510,500.0
16511,384.0
16512,500.0
16513,500.0
16514,500.0
16515,500.0
16516,291.0
16517,483.0
16518,268.0
16519,292.0
16520,251.0
16521,186.0
16522,333.0
16523,180.0
16524,175.0
16525,207.0
16526,177.0
16527,146.0
16528,146.0
16529,165.0
16530,179.0
16531,164.0
16532,190.0
16533,194.0
16534,159.0
16535,272.0
16536,192.0
16537,167.0
16538,166.0
16539,324.0
16540,286.0
16541,269.0
16542,500.0
16543,500.0
16544,238.0
16545,178.0
16546,237.0
16547,258.0
16548,275.0
16549,500.0
16550,500.0
16551,308.0
16552,264.0
16553,198.0
16554,190.0
16555,169.0
16556,500.0
16557,500.0
16558,500.0
16559,381.0
16560,392.0
16561,500.0
16562,500.0
16563,500.0
16564,500.0
16565,500.0
16566,500.0
16567,500.0
16568,500.0
16569,500.0
16570,500.0
16571,500.0
16572,500.0
16573,399.0
16574,500.0
16575,500.0
16576,500.0
16577,500.0
16578,477.0
16579,400.0
16580,500.0
16581,396.0
16582,500.0
16583,357.0
16584,500.0
16585,500.0
16586,300.0
16587,308.0
16588,361.0
16589,177.0
16590,177.0
16591,293.0
16592,73.0
16593,69.0
16594,289.0
16595,94.0
16596,108.0
16597,117.0
16598,131.0
16599,95.0
16600,192.0
16601,150.0
16602,128.0
16603,123.0
16604,195.0
16605,187.0
16606,500.0
16607,500.0
16608,500.0
16609,500.0
16610,500.0
16611,500.0
16612,500.0
16613,443.0
16614,500.0
16615,299.0
16616,500.0
16617,500.0
16618,500.0
16619,500.0
16620,500.0
16621,500.0
16622,500.0
16623,500.0
16624,322.0
16625,500.0
16626,500.0
16627,500.0
16628,500.0
16629,500.0
16630,179.0
16631,189.0
16632,182.0
16633,434.0
16634,500.0
16635,500.0
16636,500.0
16637,377.0
16638,500.0
16639,500.0
16640,430.0
16641,189.0
16642,190.0
16643,183.0
16644,500.0
16645,500.0
16646,394.0
16647,500.0
16648,250.0
16649,500.0
16650,354.0
16651,350.0
16652,361.0
16653,225.0
16654,500.0
16655,263.0
16656,282.0
16657,500.0
16658,248.0
16659,500.0
16660,500.0
16661,500.0
16662,500.0
16663,386.0
16664,383.0
16665,500.0
16666,500.0
16667,361.0
16668,500.0
16669,500.0
16670,500.0
16671,500.0
16672,293.0
16673,500.0
16674,500.0
16675,500.0
16676,402.0
16677,485.0
16678,149.0
16679,154.0
16680,500.0
16681,361.0
16682,456.0
16683,500.0
16684,183.0
16685,199.0
16686,188.0
16687,210.0
16688,500.0
16689,500.0
16690,500.0
16691,328.0
16692,500.0
16693,500.0
16694,500.0
16695,500.0
16696,500.0
16697,500.0
16698,500.0
16699,500.0
16700,500.0
16701,494.0
16702,442.0
16703,362.0
16704,500.0
16705,402.0
16706,500.0
16707,500.0
16708,500.0
16709,307.0
16710,500.0
16711,500.0
16712,500.0
16713,500.0
16714,500.0
16715,500.0
16716,500.0
16717,500.0
16718,500.0
16719,500.0
16720,500.0
16721,500.0
16722,300.0
16723,313.0
16724,334.0
16725,500.0
16726,347.0
16727,500.0
16728,283.0
16729,424.0
16730,367.0
16731,334.0
16732,500.0
16733,480.0
16734,500.0
16735,500.0
16736,388.0
16737,187.0
16738,190.0
16739,360.0
16740,214.0
16741,175.0
16742,204.0
16743,500.0
16744,189.0
16745,406.0
16746,500.0
16747,500.0
16748,500.0
16749,266.0
16750,500.0
16751,428.0
16752,500.0
16753,460.0
16754,216.0
16755,201.0
16756,500.0
16757,500.0
16758,269.0
16759,500.0
16760,500.0
16761,500.0
16762,418.0
16763,344.0
16764,311.0
16765,212.0
16766,190.0
16767,216.0
16768,500.0
16769,500.0
16770,500.0
16771,500.0
16772,500.0
16773,500.0
16774,500.0
16775,500.0
16776,500.0
16777,255.0
16778,366.0
16779,129.0
16780,119.0
16781,309.0
16782,453.0
16783,226.0
16784,201.0
16785,217.0
16786,180.0
16787,262.0
16788,348.0
16789,231.0
16790,250.0
16791,210.0
16792,227.0
16793,211.0
16794,247.0
16795,233.0
16796,256.0
16797,344.0
16798,177.0
16799,291.0
16800,289.0
16801,272.0
16802,212.0
16803,209.0
16804,245.0
16805,229.0
16806,150.0
16807,242.0
16808,236.0
16809,232.0
16810,401.0
16811,248.0
16812,245.0
16813,227.0
16814,217.0
16815,201.0
16816,331.0
16817,368.0
16818,226.0
16819,185.0
16820,172.0
16821,165.0
16822,500.0
16823,500.0
16824,500.0
16825,500.0
16826,500.0
16827,500.0
16828,345.0
16829,178.0
16830,330.0
16831,371.0
16832,486.0
16833,321.0
16834,500.0
16835,500.0
16836,367.0
16837,500.0
16838,500.0
16839,500.0
16840,500.0
16841,500.0
16842,500.0
16843,500.0
16844,500.0
16845,500.0
16846,500.0
16847,500.0
16848,500.0
16849,500.0
16850,500.0
16851,282.0
16852,500.0
16853,500.0
16854,500.0
16855,424.0
16856,349.0
16857,119.0
16858,500.0
16859,330.0
16860,271.0
16861,318.0
16862,331.0
16863,294.0
16864,262.0
16865,194.0
16866,159.0
16867,175.0
16868,204.0
16869,150.0
16870,180.0
16871,500.0
16872,195.0
16873,163.0
16874,161.0
16875,179.0
16876,360.0
16877,181.0
16878,224.0
16879,173.0
16880,151.0
16881,154.0
16882,229.0
16883,220.0
16884,191.0
16885,177.0
16886,500.0
16887,500.0
16888,500.0
16889,330.0
16890,227.0
16891,379.0
16892,197.0
16893,195.0
16894,251.0
16895,497.0
16896,500.0
16897,289.0
16898,225.0
16899,288.0
16900,144.0
16901,331.0
16902,175.0
16903,500.0
16904,198.0
16905,289.0
16906,130.0
16907,150.0
16908,195.0
16909,199.0
16910,169.0
16911,131.0
16912,210.0
16913,264.0
16914,500.0
16915,500.0
16916,500.0
16917,500.0
16918,396.0
16919,198.0
16920,500.0
16921,500.0
16922,500.0
16923,500.0
16924,500.0
16925,243.0
16926,500.0
16927,500.0
16928,500.0
16929,500.0
16930,416.0
16931,500.0
16932,278.0
16933,500.0
16934,500.0
16935,500.0
16936,500.0
16937,441.0
16938,500.0
16939,464.0
16940,500.0
16941,500.0
16942,500.0
16943,393.0
16944,500.0
16945,500.0
16946,500.0
16947,500.0
16948,500.0
16949,500.0
16950,386.0
16951,103.0
16952,133.0
16953,243.0
16954,399.0
16955,117.0
16956,279.0
16957,76.0
16958,115.0
16959,137.0
16960,62.0
16961,95.0
16962,150.0
16963,500.0
16964,500.0
16965,500.0
16966,500.0
16967,500.0
16968,500.0
16969,500.0
16970,500.0
16971,500.0
16972,500.0
16973,217.0
16974,211.0
16975,13.0
16976,13.0
16977,153.0
16978,17.0
16979,15.0
16980,14.0
16981,10.0
16982,11.0
16983,11.0
16984,10.0
16985,11.0
16986,14.0
16987,12.0
16988,11.0
16989,170.0
16990,203.0
16991,212.0
16992,500.0
16993,500.0
16994,500.0
16995,399.0
16996,204.0
16997,500.0
16998,500.0
16999,442.0
17000,500.0
17001,457.0
17002,500.0
17003,500.0
17004,500.0
17005,500.0
17006,500.0
17007,500.0
17008,500.0
17009,500.0
17010,500.0
17011,500.0
17012,500.0
17013,500.0
17014,500.0
17015,500.0
17016,500.0
17017,482.0
17018,500.0
17019,500.0
17020,406.0
17021,123.0
17022,140.0
17023,139.0
17024,136.0
17025,133.0
17026,133.0
17027,133.0
17028,135.0
17029,136.0
17030,119.0
17031,129.0
17032,133.0
17033,134.0
17034,125.0
17035,122.0
17036,121.0
17037,126.0
17038,142.0
17039,144.0
17040,294.0
17041,328.0
17042,500.0
17043,500.0
17044,178.0
17045,136.0
17046,139.0
17047,152.0
17048,162.0
17049,177.0
17050,434.0
17051,500.0
17052,500.0
17053,500.0
17054,500.0
17055,500.0
17056,500.0
17057,500.0
17058,500.0
17059,500.0
17060,500.0
17061,500.0
17062,500.0
17063,500.0
17064,500.0
17065,500.0
17066,500.0
17067,500.0
17068,500.0
17069,500.0
17070,459.0
17071,500.0
17072,219.0
17073,169.0
17074,154.0
17075,155.0
17076,138.0
17077,142.0
17078,382.0
17079,354.0
17080,270.0
17081,333.0
17082,195.0
17083,165.0
17084,169.0
17085,375.0
17086,171.0
17087,178.0
17088,224.0
17089,237.0
17090,232.0
17091,220.0
17092,236.0
17093,500.0
17094,254.0
17095,228.0
17096,201.0
17097,270.0
17098,500.0
17099,480.0
17100,295.0
17101,478.0
17102,500.0
17103,500.0
17104,500.0
17105,184.0
17106,190.0
17107,193.0
17108,500.0
17109,500.0
17110,433.0
17111,121.0
17112,155.0
17113,136.0
17114,150.0
17115,149.0
17116,72.0
17117,152.0
17118,157.0
17119,101.0
17120,217.0
17121,432.0
17122,445.0
17123,500.0
17124,500.0
17125,500.0
17126,500.0
17127,500.0
17128,500.0
17129,500.0
17130,500.0
17131,500.0
17132,500.0
17133,500.0
17134,500.0
17135,500.0
17136,500.0
17137,500.0
17138,500.0
17139,500.0
17140,500.0
17141,500.0
17142,500.0
17143,500.0
17144,500.0
17145,500.0
17146,500.0
17147,500.0
17148,500.0
17149,397.0
17150,500.0
17151,500.0
17152,331.0
17153,390.0
17154,267.0
17155,259.0
17156,237.0
17157,192.0
17158,207.0
17159,223.0
17160,192.0
17161,190.0
17162,206.0
17163,177.0
17164,189.0
17165,152.0
17166,136.0
17167,135.0
17168,134.0
17169,119.0
17170,122.0
17171,103.0
17172,58.0
17173,87.0
17174,106.0
17175,116.0
17176,131.0
17177,141.0
17178,128.0
17179,130.0
17180,115.0
17181,114.0
17182,117.0
17183,96.0
17184,104.0
17185,115.0
17186,115.0
17187,114.0
17188,98.0
17189,97.0
17190,108.0
17191,111.0
17192,111.0
17193,112.0
17194,114.0
17195,109.0
17196,117.0
17197,114.0
17198,114.0
17199,106.0
17200,109.0
17201,119.0
17202,123.0
17203,135.0
17204,126.0
17205,136.0
17206,131.0
17207,131.0
17208,145.0
17209,140.0
17210,158.0
17211,140.0
17212,157.0
17213,222.0
17214,145.0
17215,150.0
17216,143.0
17217,162.0
17218,150.0
17219,159.0
17220,152.0
17221,162.0
17222,154.0
17223,138.0
17224,226.0
17225,190.0
17226,130.0
17227,132.0
17228,125.0
17229,154.0
17230,142.0
17231,56.0
17232,34.0
17233,173.0
17234,154.0
17235,145.0
17236,155.0
17237,143.0
17238,142.0
17239,141.0
17240,221.0
17241,408.0
17242,173.0
17243,175.0
17244,260.0
17245,500.0
17246,500.0
17247,500.0
17248,128.0
17249,87.0
17250,150.0
17251,115.0
17252,130.0
17253,174.0
17254,144.0
17255,113.0
17256,111.0
17257,166.0
17258,213.0
17259,259.0
17260,188.0
17261,269.0
17262,381.0
17263,287.0
17264,309.0
17265,234.0
17266,309.0
17267,441.0
17268,221.0
17269,307.0
17270,298.0
17271,500.0
17272,500.0
17273,302.0
17274,500.0
17275,392.0
17276,500.0
17277,500.0
17278,500.0
17279,500.0
17280,500.0
17281,500.0
17282,312.0
17283,481.0
17284,500.0
17285,473.0
17286,500.0
17287,500.0
17288,367.0
17289,500.0
17290,500.0
17291,500.0
17292,500.0
17293,500.0
17294,500.0
17295,500.0
17296,500.0
17297,500.0
17298,500.0
17299,500.0
17300,500.0
17301,500.0
17302,500.0
17303,500.0
17304,500.0
17305,500.0
17306,500.0
17307,500.0
17308,500.0
17309,500.0
17310,500.0
17311,500.0
17312,500.0
17313,500.0
17314,500.0
17315,500.0
17316,500.0
17317,500.0
17318,500.0
17319,348.0
17320,431.0
17321,500.0
17322,469.0
17323,386.0
17324,500.0
17325,500.0
17326,374.0
17327,500.0
17328,500.0
17329,500.0
17330,500.0
17331,500.0
17332,464.0
17333,500.0
17334,500.0
17335,500.0
17336,500.0
17337,500.0
17338,500.0
17339,500.0
17340,500.0
17341,500.0
17342,500.0
17343,500.0
17344,9.0
17345,10.0
17346,500.0
17347,500.0
17348,500.0
17349,500.0
17350,500.0
17351,500.0
17352,500.0
17353,476.0
17354,500.0
17355,500.0
17356,500.0
17357,500.0
17358,500.0
17359,500.0
17360,500.0
17361,500.0
17362,500.0
17363,486.0
17364,500.0
17365,500.0
17366,500.0
17367,276.0
17368,363.0
17369,71.0
17370,500.0
17371,500.0
17372,500.0
17373,500.0
17374,500.0
17375,500.0
17376,500.0
17377,500.0
17378,500.0
17379,500.0
17380,500.0
17381,500.0
17382,500.0
17383,500.0
17384,500.0
17385,500.0
17386,211.0
17387,500.0
17388,279.0
17389,500.0
17390,500.0
17391,500.0
17392,500.0
17393,500.0
17394,500.0
17395,406.0
17396,238.0
17397,500.0
17398,500.0
17399,500.0
17400,500.0
17401,500.0
17402,500.0
17403,500.0
17404,461.0
17405,294.0
17406,184.0
17407,147.0
17408,149.0
17409,442.0
17410,267.0
17411,175.0
17412,135.0
17413,500.0
17414,283.0
17415,209.0
17416,500.0
17417,137.0
17418,144.0
17419,152.0
17420,121.0
17421,151.0
17422,133.0
17423,139.0
17424,154.0
17425,500.0
17426,233.0
17427,500.0
17428,500.0
17429,500.0
17430,500.0
17431,500.0
17432,206.0
17433,168.0
17434,500.0
17435,208.0
17436,237.0
17437,426.0
17438,500.0
17439,500.0
17440,500.0
17441,500.0
17442,500.0
17443,228.0
17444,500.0
17445,500.0
17446,500.0
17447,500.0
17448,500.0
17449,500.0
17450,500.0
17451,194.0
17452,500.0
17453,500.0
17454,500.0
17455,168.0
17456,134.0
17457,500.0
17458,500.0
17459,500.0
17460,500.0
17461,500.0
17462,500.0
17463,269.0
17464,442.0
17465,359.0
17466,500.0
17467,500.0
17468,500.0
17469,500.0
17470,500.0
17471,485.0
17472,500.0
17473,500.0
17474,500.0
17475,500.0
17476,500.0
17477,500.0
17478,500.0
17479,500.0
17480,500.0
17481,500.0
17482,500.0
17483,500.0
17484,500.0
17485,500.0
17486,500.0
17487,134.0
17488,500.0
17489,500.0
17490,500.0
17491,500.0
17492,500.0
17493,500.0
17494,500.0
17495,500.0
17496,500.0
17497,356.0
17498,262.0
17499,44.0
17500,404.0
17501,500.0
17502,500.0
17503,500.0
17504,500.0
17505,500.0
17506,500.0
17507,500.0
17508,500.0
17509,500.0
17510,419.0
17511,500.0
17512,500.0
17513,432.0
17514,500.0
17515,500.0
17516,500.0
17517,500.0
17518,500.0
17519,500.0
17520,500.0
17521,500.0
17522,500.0
17523,500.0
17524,500.0
17525,308.0
17526,344.0
17527,500.0
17528,274.0
17529,354.0
17530,236.0
17531,273.0
17532,352.0
17533,336.0
17534,500.0
17535,182.0
17536,213.0
17537,187.0
17538,197.0
17539,275.0
17540,467.0
17541,257.0
17542,264.0
17543,369.0
17544,500.0
17545,500.0
17546,500.0
17547,500.0
17548,500.0
17549,500.0
17550,500.0
17551,500.0
17552,387.0
17553,500.0
17554,500.0
17555,500.0
17556,500.0
17557,500.0
17558,500.0
17559,500.0
17560,500.0
17561,500.0
17562,500.0
17563,416.0
17564,500.0
17565,442.0
17566,407.0
17567,48.0
17568,58.0
17569,28.0
17570,37.0
17571,46.0
17572,32.0
17573,39.0
17574,438.0
17575,280.0
17576,307.0
17577,500.0
17578,500.0
17579,500.0
17580,500.0
17581,500.0
17582,497.0
17583,500.0
17584,500.0
17585,395.0
17586,500.0
17587,290.0
17588,321.0
17589,500.0
17590,500.0
17591,400.0
17592,389.0
17593,500.0
17594,268.0
17595,336.0
17596,500.0
17597,282.0
17598,305.0
17599,373.0
17600,303.0
17601,214.0
17602,13.0
17603,182.0
17604,170.0
17605,231.0
17606,176.0
17607,214.0
17608,180.0
17609,500.0
17610,500.0
17611,452.0
17612,101.0
17613,12.0
17614,10.0
17615,11.0
17616,500.0
17617,500.0
17618,500.0
17619,500.0
17620,500.0
17621,500.0
17622,500.0
17623,500.0
17624,500.0
17625,500.0
17626,500.0
17627,500.0
17628,500.0
17629,500.0
17630,383.0
17631,500.0
17632,265.0
17633,294.0
17634,459.0
17635,455.0
17636,353.0
17637,381.0
17638,288.0
17639,286.0
17640,219.0
17641,340.0
17642,284.0
17643,500.0
17644,362.0
17645,298.0
17646,267.0
17647,286.0
17648,381.0
17649,283.0
17650,316.0
17651,318.0
17652,500.0
17653,500.0
17654,500.0
17655,397.0
17656,344.0
17657,327.0
17658,341.0
17659,500.0
17660,500.0
17661,190.0
17662,178.0
17663,207.0
17664,425.0
17665,406.0
17666,349.0
17667,405.0
17668,404.0
17669,436.0
17670,292.0
17671,372.0
17672,500.0
17673,500.0
17674,500.0
17675,500.0
17676,500.0
17677,500.0
17678,500.0
17679,500.0
17680,500.0
17681,500.0
17682,500.0
17683,500.0
17684,500.0
17685,500.0
17686,500.0
17687,500.0
17688,500.0
17689,500.0
17690,500.0
17691,500.0
17692,500.0
17693,500.0
17694,500.0
17695,500.0
17696,500.0
17697,500.0
17698,500.0
17699,500.0
17700,500.0
17701,500.0
17702,500.0
17703,500.0
17704,500.0
17705,500.0
17706,500.0
17707,500.0
17708,500.0
17709,500.0
17710,500.0
17711,389.0
17712,500.0
17713,500.0
17714,500.0
17715,500.0
17716,500.0
17717,470.0
17718,500.0
17719,500.0
17720,500.0
17721,500.0
17722,500.0
17723,500.0
17724,500.0
17725,500.0
17726,500.0
17727,500.0
17728,500.0
17729,500.0
17730,500.0
17731,500.0
17732,500.0
17733,500.0
17734,500.0
17735,272.0
17736,103.0
17737,500.0
17738,500.0
17739,245.0
17740,500.0
17741,149.0
17742,101.0
17743,106.0
17744,500.0
17745,500.0
17746,500.0
17747,500.0
17748,500.0
17749,500.0
17750,500.0
17751,500.0
17752,500.0
17753,500.0
17754,500.0
17755,262.0
17756,186.0
17757,320.0
17758,196.0
17759,352.0
17760,211.0
17761,225.0
17762,199.0
17763,182.0
17764,159.0
17765,249.0
17766,249.0
17767,337.0
17768,320.0
17769,279.0
17770,189.0
17771,209.0
17772,219.0
17773,239.0
17774,312.0
17775,351.0
17776,295.0
17777,327.0
17778,331.0
17779,500.0
17780,375.0
17781,259.0
17782,125.0
17783,437.0
17784,425.0
17785,489.0
17786,500.0
17787,317.0
17788,280.0
17789,428.0
17790,330.0
17791,362.0
17792,500.0
17793,500.0
17794,401.0
17795,500.0
17796,358.0
17797,500.0
17798,500.0
17799,500.0
17800,300.0
17801,463.0
17802,500.0
17803,500.0
17804,500.0
17805,500.0
17806,500.0
17807,427.0
17808,498.0
17809,475.0
17810,500.0
17811,500.0
17812,500.0
17813,500.0
17814,500.0
17815,500.0
17816,500.0
17817,500.0
17818,500.0
17819,500.0
17820,500.0
17821,500.0
17822,500.0
17823,500.0
17824,500.0
17825,500.0
17826,500.0
17827,500.0
17828,147.0
17829,175.0
17830,149.0
17831,172.0
17832,309.0
17833,500.0
17834,500.0
17835,500.0
17836,500.0
17837,500.0
17838,500.0
17839,500.0
17840,500.0
17841,500.0
17842,500.0
17843,500.0
17844,500.0
17845,500.0
17846,500.0
17847,500.0
17848,500.0
17849,500.0
17850,500.0
17851,500.0
17852,500.0
17853,500.0
17854,466.0
17855,500.0
17856,500.0
17857,500.0
17858,500.0
17859,500.0
17860,500.0
17861,500.0
17862,500.0
17863,500.0
17864,500.0
17865,500.0
17866,500.0
17867,500.0
17868,500.0
17869,500.0
17870,500.0
17871,500.0
17872,500.0
17873,500.0
17874,500.0
17875,500.0
17876,500.0
17877,500.0
17878,500.0
17879,500.0
17880,500.0
17881,500.0
17882,500.0
17883,364.0
17884,97.0
17885,204.0
17886,105.0
17887,423.0
17888,71.0
17889,71.0
17890,71.0
17891,82.0
17892,93.0
17893,75.0
17894,87.0
17895,258.0
17896,88.0
17897,369.0
17898,69.0
17899,83.0
17900,500.0
17901,500.0
17902,23.0
17903,23.0
17904,24.0
17905,30.0
17906,500.0
17907,500.0
17908,500.0
17909,500.0
17910,500.0
17911,500.0
17912,500.0
17913,500.0
17914,500.0
17915,500.0
17916,500.0
17917,500.0
17918,500.0
17919,500.0
17920,500.0
17921,500.0
17922,500.0
17923,500.0
17924,318.0
17925,166.0
17926,222.0
17927,182.0
17928,500.0
17929,188.0
17930,195.0
17931,202.0
17932,500.0
17933,500.0
17934,500.0
17935,500.0
17936,500.0
17937,500.0
17938,500.0
17939,500.0
17940,500.0
17941,500.0
17942,333.0
17943,500.0
17944,500.0
17945,500.0
17946,500.0
17947,500.0
17948,500.0
17949,500.0
17950,500.0
17951,500.0
17952,500.0
17953,500.0
17954,500.0
17955,365.0
17956,386.0
17957,500.0
17958,387.0
17959,500.0
17960,500.0
17961,500.0
17962,500.0
17963,500.0
17964,500.0
17965,500.0
17966,500.0
17967,500.0
17968,500.0
17969,500.0
17970,500.0
17971,500.0
17972,500.0
17973,500.0
17974,500.0
17975,500.0
17976,500.0
17977,500.0
17978,448.0
17979,500.0
17980,500.0
17981,500.0
17982,500.0
17983,500.0
17984,500.0
17985,500.0
17986,500.0
17987,99.0
17988,500.0
17989,500.0
17990,500.0
17991,500.0
17992,500.0
17993,500.0
17994,500.0
17995,500.0
17996,490.0
17997,313.0
17998,500.0
17999,500.0
18000,500.0
18001,469.0
18002,500.0
18003,500.0
18004,500.0
18005,500.0
18006,500.0
18007,500.0
18008,500.0
18009,500.0
18010,272.0
18011,81.0
18012,500.0
18013,110.0
18014,500.0
18015,500.0
18016,500.0
18017,500.0
18018,500.0
18019,470.0
18020,500.0
18021,500.0
18022,500.0
18023,500.0
18024,500.0
18025,500.0
18026,500.0
18027,500.0
18028,500.0
18029,500.0
18030,500.0
18031,446.0
18032,447.0
18033,437.0
18034,500.0
18035,500.0
18036,500.0
18037,415.0
18038,500.0
18039,500.0
18040,500.0
18041,500.0
18042,500.0
18043,500.0
18044,500.0
18045,500.0
18046,240.0
18047,396.0
18048,240.0
18049,217.0
18050,244.0
18051,239.0
18052,374.0
18053,216.0
18054,25.0
18055,34.0
18056,33.0
18057,204.0
18058,247.0
18059,222.0
18060,241.0
18061,246.0
18062,229.0
18063,269.0
18064,252.0
18065,500.0
18066,297.0
18067,240.0
18068,224.0
18069,226.0
18070,239.0
18071,500.0
18072,289.0
18073,270.0
18074,204.0
18075,242.0
18076,213.0
18077,280.0
18078,280.0
18079,325.0
18080,218.0
18081,252.0
18082,270.0
18083,251.0
18084,221.0
18085,244.0
18086,236.0
18087,238.0
18088,302.0
18089,236.0
18090,231.0
18091,279.0
18092,269.0
18093,290.0
18094,244.0
18095,224.0
18096,250.0
18097,247.0
18098,228.0
18099,245.0
18100,239.0
18101,261.0
18102,222.0
18103,222.0
18104,232.0
18105,230.0
18106,255.0
18107,239.0
18108,257.0
18109,233.0
18110,295.0
18111,227.0
18112,230.0
18113,244.0
18114,269.0
18115,242.0
18116,382.0
18117,253.0
18118,52.0
18119,44.0
18120,264.0
18121,216.0
18122,219.0
18123,235.0
18124,236.0
18125,228.0
18126,233.0
18127,247.0
18128,239.0
18129,248.0
18130,225.0
18131,235.0
18132,228.0
18133,242.0
18134,257.0
18135,234.0
18136,263.0
18137,251.0
18138,259.0
18139,236.0
18140,230.0
18141,247.0
18142,245.0
18143,271.0
18144,230.0
18145,229.0
18146,238.0
18147,249.0
18148,255.0
18149,252.0
18150,266.0
18151,237.0
18152,250.0
18153,245.0
18154,249.0
18155,260.0
18156,240.0
18157,247.0
18158,255.0
18159,267.0
18160,245.0
18161,247.0
18162,241.0
18163,248.0
18164,248.0
18165,287.0
18166,275.0
18167,258.0
18168,237.0
18169,259.0
18170,301.0
18171,292.0
18172,315.0
18173,251.0
18174,263.0
18175,238.0
18176,331.0
18177,55.0
18178,269.0
18179,347.0
18180,237.0
18181,267.0
18182,344.0
18183,286.0
18184,244.0
18185,285.0
18186,242.0
18187,264.0
18188,280.0
18189,257.0
18190,285.0
18191,265.0
18192,259.0
18193,289.0
18194,277.0
18195,274.0
18196,291.0
18197,303.0
18198,299.0
18199,239.0
18200,276.0
18201,216.0
18202,436.0
18203,247.0
18204,313.0
18205,242.0
18206,307.0
18207,316.0
18208,298.0
18209,357.0
18210,310.0
18211,252.0
18212,324.0
18213,297.0
18214,274.0
18215,423.0
18216,355.0
18217,500.0
18218,500.0
18219,256.0
18220,274.0
18221,305.0
18222,302.0
18223,459.0
18224,264.0
18225,269.0
18226,339.0
18227,324.0
18228,311.0
18229,325.0
18230,433.0
18231,283.0
18232,360.0
18233,500.0
18234,291.0
18235,258.0
18236,293.0
18237,433.0
18238,307.0
18239,294.0
18240,324.0
18241,396.0
18242,332.0
18243,374.0
18244,500.0
18245,500.0
18246,338.0
18247,262.0
18248,321.0
18249,312.0
18250,340.0
18251,264.0
18252,324.0
18253,300.0
18254,465.0
18255,324.0
18256,282.0
18257,243.0
18258,349.0
18259,287.0
18260,500.0
18261,380.0
18262,367.0
18263,500.0
18264,500.0
18265,417.0
18266,50.0
18267,71.0
18268,99.0
18269,205.0
18270,241.0
18271,111.0
18272,87.0
18273,305.0
18274,500.0
18275,273.0
18276,470.0
18277,260.0
18278,218.0
18279,284.0
18280,333.0
18281,340.0
18282,279.0
18283,324.0
18284,328.0
18285,270.0
18286,105.0
18287,72.0
18288,130.0
18289,500.0
18290,395.0
18291,500.0
18292,462.0
18293,368.0
18294,288.0
18295,308.0
18296,292.0
18297,277.0
18298,332.0
18299,337.0
18300,361.0
18301,385.0
18302,425.0
18303,500.0
18304,448.0
18305,500.0
18306,281.0
18307,298.0
18308,225.0
18309,312.0
18310,500.0
18311,500.0
18312,500.0
18313,481.0
18314,437.0
18315,500.0
18316,478.0
18317,428.0
18318,500.0
18319,140.0
18320,88.0
18321,500.0
18322,500.0
18323,500.0
18324,314.0
18325,341.0
18326,283.0
18327,500.0
18328,500.0
18329,500.0
18330,500.0
18331,411.0
18332,500.0
18333,234.0
18334,192.0
18335,271.0
18336,422.0
18337,296.0
18338,301.0
18339,267.0
18340,261.0
18341,215.0
18342,258.0
18343,416.0
18344,213.0
18345,68.0
18346,224.0
18347,393.0
18348,228.0
18349,321.0
18350,324.0
18351,327.0
18352,311.0
18353,379.0
18354,500.0
18355,385.0
18356,409.0
18357,451.0
18358,416.0
18359,270.0
18360,458.0
18361,411.0
18362,259.0
18363,294.0
18364,259.0
18365,438.0
18366,282.0
18367,319.0
18368,326.0
18369,313.0
18370,358.0
18371,292.0
18372,311.0
18373,249.0
18374,270.0
18375,263.0
18376,295.0
18377,500.0
18378,500.0
18379,500.0
18380,500.0
18381,182.0
18382,252.0
18383,316.0
18384,363.0
18385,231.0
18386,500.0
18387,416.0
18388,377.0
18389,298.0
18390,500.0
18391,304.0
18392,500.0
18393,500.0
18394,303.0
18395,292.0
18396,500.0
18397,309.0
18398,500.0
18399,306.0
18400,397.0
18401,295.0
18402,451.0
18403,500.0
18404,500.0
18405,284.0
18406,500.0
18407,328.0
18408,432.0
18409,430.0
18410,31.0
18411,23.0
18412,13.0
18413,500.0
18414,300.0
18415,312.0
18416,288.0
18417,294.0
18418,354.0
18419,500.0
18420,363.0
18421,338.0
18422,334.0
18423,428.0
18424,310.0
18425,273.0
18426,413.0
18427,316.0
18428,320.0
18429,374.0
18430,452.0
18431,325.0
18432,320.0
18433,359.0
18434,355.0
18435,286.0
18436,269.0
18437,348.0
18438,379.0
18439,286.0
18440,334.0
18441,360.0
18442,393.0
18443,162.0
18444,396.0
18445,354.0
18446,381.0
18447,435.0
18448,384.0
18449,374.0
18450,341.0
18451,386.0
18452,351.0
18453,391.0
18454,393.0
18455,397.0
18456,283.0
18457,399.0
18458,277.0
18459,357.0
18460,404.0
18461,386.0
18462,356.0
18463,495.0
18464,356.0
18465,357.0
18466,397.0
18467,202.0
18468,429.0
18469,437.0
18470,456.0
18471,425.0
18472,364.0
18473,423.0
18474,382.0
18475,362.0
18476,378.0
18477,385.0
18478,374.0
18479,500.0
18480,500.0
18481,373.0
18482,349.0
18483,492.0
18484,500.0
18485,452.0
18486,449.0
18487,426.0
18488,477.0
18489,500.0
18490,500.0
18491,458.0
18492,468.0
18493,500.0
18494,500.0
18495,500.0
18496,500.0
18497,500.0
18498,500.0
18499,442.0
18500,500.0
18501,500.0
18502,496.0
18503,500.0
18504,500.0
18505,500.0
18506,489.0
18507,500.0
18508,452.0
18509,500.0
18510,500.0
18511,16.0
18512,24.0
18513,19.0
18514,20.0
18515,32.0
18516,500.0
18517,500.0
18518,40.0
18519,79.0
18520,173.0
18521,129.0
18522,342.0
18523,145.0
18524,128.0
18525,246.0
18526,500.0
18527,500.0
18528,500.0
18529,500.0
18530,500.0
18531,500.0
18532,500.0
18533,500.0
18534,500.0
18535,500.0
18536,500.0
18537,500.0
18538,500.0
18539,500.0
18540,500.0
18541,500.0
18542,500.0
18543,500.0
18544,500.0
18545,500.0
18546,500.0
18547,500.0
18548,276.0
18549,500.0
18550,500.0
18551,500.0
18552,500.0
18553,188.0
18554,341.0
18555,216.0
18556,500.0
18557,394.0
18558,500.0
18559,500.0
18560,500.0
18561,500.0
18562,500.0
18563,500.0
18564,500.0
18565,423.0
18566,305.0
18567,30.0
18568,28.0
18569,26.0
18570,26.0
18571,26.0
18572,24.0
18573,500.0
18574,500.0
18575,500.0
18576,500.0
18577,500.0
18578,500.0
18579,500.0
18580,500.0
18581,500.0
18582,500.0
18583,500.0
18584,500.0
18585,500.0
18586,407.0
18587,500.0
18588,500.0
18589,500.0
18590,246.0
18591,500.0
18592,500.0
18593,500.0
18594,228.0
18595,500.0
18596,347.0
18597,162.0
18598,243.0
18599,500.0
18600,500.0
18601,326.0
18602,162.0
18603,216.0
18604,465.0
18605,463.0
18606,117.0
18607,9.0
18608,9.0
18609,9.0
18610,500.0
18611,500.0
18612,500.0
18613,500.0
18614,500.0
18615,500.0
18616,500.0
18617,500.0
18618,500.0
18619,500.0
18620,500.0
18621,500.0
18622,500.0
18623,500.0
18624,500.0
18625,500.0
18626,500.0
18627,500.0
18628,500.0
18629,500.0
18630,500.0
18631,500.0
18632,500.0
18633,333.0
18634,219.0
18635,258.0
18636,177.0
18637,193.0
18638,256.0
18639,310.0
18640,324.0
18641,277.0
18642,220.0
18643,267.0
18644,273.0
18645,236.0
18646,236.0
18647,221.0
18648,201.0
18649,171.0
18650,205.0
18651,198.0
18652,192.0
18653,185.0
18654,186.0
18655,178.0
18656,177.0
18657,174.0
18658,172.0
18659,41.0
18660,168.0
18661,216.0
18662,208.0
18663,167.0
18664,216.0
18665,160.0
18666,181.0
18667,191.0
18668,200.0
18669,197.0
18670,356.0
18671,500.0
18672,138.0
18673,100.0
18674,65.0
18675,500.0
18676,478.0
18677,364.0
18678,351.0
18679,272.0
18680,214.0
18681,193.0
18682,183.0
18683,181.0
18684,185.0
18685,166.0
18686,164.0
18687,184.0
18688,169.0
18689,179.0
18690,179.0
18691,175.0
18692,172.0
18693,165.0
18694,194.0
18695,198.0
18696,193.0
18697,207.0
18698,272.0
18699,500.0
18700,500.0
18701,500.0
18702,500.0
18703,500.0
18704,500.0
18705,242.0
18706,500.0
18707,500.0
18708,500.0
18709,500.0
18710,188.0
18711,227.0
18712,185.0
18713,229.0
18714,500.0
18715,500.0
18716,500.0
18717,500.0
18718,500.0
18719,500.0
18720,218.0
18721,500.0
18722,500.0
18723,203.0
18724,500.0
18725,500.0
18726,500.0
18727,500.0
18728,500.0
18729,500.0
18730,500.0
18731,500.0
18732,500.0
18733,500.0
18734,500.0
18735,500.0
18736,500.0
18737,500.0
18738,500.0
18739,500.0
18740,500.0
18741,500.0
18742,500.0
18743,500.0
18744,500.0
18745,500.0
18746,500.0
18747,500.0
18748,500.0
18749,500.0
18750,500.0
18751,500.0
18752,500.0
18753,500.0
18754,500.0
18755,500.0
18756,500.0
18757,500.0
18758,500.0
18759,500.0
18760,500.0
18761,500.0
18762,500.0
18763,500.0
18764,446.0
18765,86.0
18766,196.0
18767,334.0
18768,500.0
18769,500.0
18770,500.0
18771,500.0
18772,500.0
18773,500.0
18774,500.0
18775,500.0
18776,500.0
18777,500.0
18778,500.0
18779,500.0
18780,500.0
18781,500.0
18782,500.0
18783,500.0
18784,500.0
18785,500.0
18786,500.0
18787,453.0
18788,500.0
18789,500.0
18790,500.0
18791,500.0
18792,500.0
18793,500.0
18794,317.0
18795,500.0
18796,500.0
18797,500.0
18798,500.0
18799,500.0
18800,500.0
18801,500.0
18802,500.0
18803,500.0
18804,500.0
18805,500.0
18806,500.0
18807,500.0
18808,500.0
18809,500.0
18810,500.0
18811,500.0
18812,500.0
18813,500.0
18814,500.0
18815,500.0
18816,104.0
18817,500.0
18818,500.0
18819,500.0
18820,500.0
18821,500.0
18822,500.0
18823,500.0
18824,500.0
18825,500.0
18826,500.0
18827,436.0
18828,165.0
18829,425.0
18830,500.0
18831,207.0
18832,196.0
18833,173.0
18834,500.0
18835,161.0
18836,211.0
18837,192.0
18838,185.0
18839,189.0
18840,169.0
18841,173.0
18842,178.0
18843,177.0
18844,162.0
18845,205.0
18846,174.0
18847,174.0
18848,172.0
18849,196.0
18850,171.0
18851,186.0
18852,155.0
18853,172.0
18854,156.0
18855,186.0
18856,181.0
18857,238.0
18858,168.0
18859,180.0
18860,154.0
18861,216.0
18862,234.0
18863,179.0
18864,174.0
18865,176.0
18866,279.0
18867,160.0
18868,171.0
18869,193.0
18870,221.0
18871,191.0
18872,212.0
18873,177.0
18874,177.0
18875,205.0
18876,194.0
18877,177.0
18878,177.0
18879,180.0
18880,184.0
18881,168.0
18882,172.0
18883,183.0
18884,185.0
18885,200.0
18886,209.0
18887,178.0
18888,202.0
18889,179.0
18890,186.0
18891,211.0
18892,189.0
18893,241.0
18894,215.0
18895,201.0
18896,206.0
18897,227.0
18898,222.0
18899,244.0
18900,205.0
18901,203.0
18902,187.0
18903,224.0
18904,212.0
18905,210.0
18906,214.0
18907,231.0
18908,203.0
18909,220.0
18910,193.0
18911,202.0
18912,183.0
18913,216.0
18914,203.0
18915,184.0
18916,217.0
18917,193.0
18918,188.0
18919,215.0
18920,192.0
18921,203.0
18922,222.0
18923,213.0
18924,205.0
18925,217.0
18926,194.0
18927,199.0
18928,215.0
18929,194.0
18930,247.0
18931,227.0
18932,256.0
18933,184.0
18934,222.0
18935,202.0
18936,195.0
18937,232.0
18938,500.0
18939,212.0
18940,244.0
18941,265.0
18942,272.0
18943,235.0
18944,291.0
18945,286.0
18946,269.0
18947,255.0
18948,236.0
18949,225.0
18950,119.0
18951,245.0
18952,262.0
18953,212.0
18954,275.0
18955,222.0
18956,248.0
18957,311.0
18958,220.0
18959,207.0
18960,251.0
18961,231.0
18962,500.0
18963,220.0
18964,309.0
18965,298.0
18966,254.0
18967,500.0
18968,500.0
18969,500.0
18970,129.0
18971,103.0
18972,140.0
18973,81.0
18974,105.0
18975,90.0
18976,108.0
18977,96.0
18978,76.0
18979,87.0
18980,78.0
18981,83.0
18982,73.0
18983,80.0
18984,65.0
18985,86.0
18986,69.0
18987,82.0
18988,81.0
18989,68.0
18990,71.0
18991,77.0
18992,67.0
18993,81.0
18994,84.0
18995,79.0
18996,77.0
18997,93.0
18998,89.0
18999,81.0
19000,87.0
19001,106.0
19002,157.0
19003,107.0
19004,119.0
19005,114.0
19006,81.0
19007,99.0
19008,118.0
19009,500.0
19010,500.0
19011,500.0
19012,500.0
19013,500.0
19014,500.0
19015,500.0
19016,500.0
19017,18.0
19018,18.0
19019,16.0
19020,17.0
19021,500.0
19022,500.0
19023,237.0
19024,201.0
19025,246.0
19026,253.0
19027,262.0
19028,222.0
19029,203.0
19030,198.0
19031,185.0
19032,214.0
19033,181.0
19034,169.0
19035,153.0
19036,157.0
19037,160.0
19038,165.0
19039,148.0
19040,166.0
19041,147.0
19042,154.0
19043,171.0
19044,158.0
19045,160.0
19046,161.0
19047,171.0
19048,159.0
19049,192.0
19050,500.0
19051,500.0
19052,500.0
19053,500.0
19054,500.0
19055,500.0
19056,500.0
19057,500.0
19058,500.0
19059,500.0
19060,500.0
19061,500.0
19062,500.0
19063,500.0
19064,500.0
19065,500.0
19066,500.0
19067,500.0
19068,500.0
19069,268.0
19070,280.0
19071,256.0
19072,251.0
19073,257.0
19074,402.0
19075,147.0
19076,500.0
19077,500.0
19078,500.0
19079,500.0
19080,500.0
19081,500.0
19082,500.0
19083,500.0
19084,500.0
19085,500.0
19086,500.0
19087,500.0
19088,500.0
19089,500.0
19090,500.0
19091,500.0
19092,500.0
19093,500.0
19094,500.0
19095,500.0
19096,500.0
19097,500.0
19098,500.0
19099,500.0
19100,500.0
19101,500.0
19102,500.0
19103,500.0
19104,500.0
19105,500.0
19106,500.0
19107,500.0
19108,500.0
19109,500.0
19110,500.0
19111,117.0
19112,500.0
19113,500.0
19114,500.0
19115,500.0
19116,500.0
19117,500.0
19118,500.0
19119,500.0
19120,500.0
19121,500.0
19122,500.0
19123,500.0
19124,500.0
19125,500.0
19126,500.0
19127,202.0
19128,174.0
19129,154.0
19130,500.0
19131,500.0
19132,161.0
19133,146.0
19134,144.0
19135,202.0
19136,161.0
19137,500.0
19138,500.0
19139,500.0
19140,176.0
19141,500.0
19142,500.0
19143,157.0
19144,500.0
19145,500.0
19146,500.0
19147,500.0
19148,500.0
19149,500.0
19150,500.0
19151,500.0
19152,500.0
19153,500.0
19154,500.0
19155,312.0
19156,306.0
19157,500.0
19158,500.0
19159,500.0
19160,500.0
19161,500.0
19162,500.0
19163,500.0
19164,500.0
19165,500.0
19166,500.0
19167,184.0
19168,86.0
19169,177.0
19170,40.0
19171,50.0
19172,500.0
19173,156.0
19174,500.0
19175,500.0
19176,500.0
19177,500.0
19178,500.0
19179,500.0
19180,500.0
19181,500.0
19182,500.0
19183,500.0
19184,500.0
19185,500.0
19186,500.0
19187,500.0
19188,500.0
19189,500.0
19190,500.0
19191,500.0
19192,173.0
19193,500.0
19194,500.0
19195,500.0
19196,500.0
19197,500.0
19198,203.0
19199,289.0
19200,211.0
19201,221.0
19202,175.0
19203,195.0
19204,174.0
19205,184.0
19206,161.0
19207,162.0
19208,194.0
19209,147.0
19210,195.0
19211,151.0
19212,192.0
19213,148.0
19214,136.0
19215,159.0
19216,393.0
19217,175.0
19218,358.0
19219,206.0
19220,500.0
19221,500.0
19222,500.0
19223,500.0
19224,500.0
19225,500.0
19226,500.0
19227,500.0
19228,316.0
19229,252.0
19230,230.0
19231,275.0
19232,248.0
19233,273.0
19234,500.0
19235,276.0
19236,500.0
19237,500.0
19238,500.0
19239,500.0
19240,500.0
19241,500.0
19242,176.0
19243,141.0
19244,172.0
19245,451.0
19246,192.0
19247,500.0
19248,189.0
19249,167.0
19250,500.0
19251,380.0
19252,500.0
19253,156.0
19254,500.0
19255,500.0
19256,500.0
19257,500.0
19258,500.0
19259,500.0
19260,500.0
19261,420.0
19262,500.0
19263,500.0
19264,318.0
19265,388.0
19266,240.0
19267,500.0
19268,500.0
19269,500.0
19270,500.0
19271,500.0
19272,500.0
19273,500.0
19274,500.0
19275,500.0
19276,500.0
19277,500.0
19278,500.0
19279,297.0
19280,117.0
19281,500.0
19282,500.0
19283,124.0
19284,113.0
19285,117.0
19286,158.0
19287,127.0
19288,122.0
19289,116.0
19290,500.0
19291,500.0
19292,500.0
19293,500.0
19294,500.0
19295,500.0
19296,500.0
19297,500.0
19298,500.0
19299,500.0
19300,500.0
19301,500.0
19302,500.0
19303,500.0
19304,500.0
19305,500.0
19306,500.0
19307,500.0
19308,500.0
19309,500.0
19310,500.0
19311,500.0
19312,500.0
19313,500.0
19314,500.0
19315,500.0
19316,500.0
19317,500.0
19318,500.0
19319,500.0
19320,500.0
19321,500.0
19322,500.0
19323,500.0
19324,226.0
19325,275.0
19326,156.0
19327,144.0
19328,139.0
19329,139.0
19330,167.0
19331,258.0
19332,321.0
19333,312.0
19334,300.0
19335,257.0
19336,500.0
19337,500.0
19338,500.0
19339,500.0
19340,500.0
19341,500.0
19342,500.0
19343,500.0
19344,500.0
19345,500.0
19346,500.0
19347,500.0
19348,500.0
19349,500.0
19350,119.0
19351,500.0
19352,500.0
19353,500.0
19354,500.0
19355,500.0
19356,500.0
19357,298.0
19358,422.0
19359,311.0
19360,500.0
19361,294.0
19362,500.0
19363,500.0
19364,500.0
19365,500.0
19366,500.0
19367,180.0
19368,500.0
19369,500.0
19370,467.0
19371,500.0
19372,320.0
19373,257.0
19374,500.0
19375,198.0
19376,149.0
19377,493.0
19378,154.0
19379,500.0
19380,500.0
19381,500.0
19382,500.0
19383,500.0
19384,500.0
19385,500.0
19386,500.0
19387,127.0
19388,500.0
19389,376.0
19390,500.0
19391,500.0
19392,500.0
19393,500.0
19394,156.0
19395,156.0
19396,500.0
19397,140.0
19398,126.0
19399,162.0
19400,500.0
19401,158.0
19402,130.0
19403,500.0
19404,136.0
19405,128.0
19406,143.0
19407,161.0
19408,500.0
19409,135.0
19410,312.0
19411,182.0
19412,500.0
19413,500.0
19414,500.0
19415,500.0
19416,500.0
19417,500.0
19418,500.0
19419,500.0
19420,129.0
19421,500.0
19422,500.0
19423,500.0
19424,500.0
19425,500.0
19426,500.0
19427,500.0
19428,500.0
19429,500.0
19430,500.0
19431,500.0
19432,500.0
19433,500.0
19434,500.0
19435,500.0
19436,500.0
19437,500.0
19438,500.0
19439,500.0
19440,500.0
19441,500.0
19442,500.0
19443,500.0
19444,500.0
19445,500.0
19446,500.0
19447,500.0
19448,500.0
19449,171.0
19450,188.0
19451,168.0
19452,161.0
19453,500.0
19454,178.0
19455,500.0
19456,500.0
19457,500.0
19458,500.0
19459,500.0
19460,128.0
19461,500.0
19462,500.0
19463,145.0
19464,500.0
19465,158.0
19466,500.0
19467,500.0
19468,500.0
19469,500.0
19470,161.0
19471,158.0
19472,150.0
19473,500.0
19474,178.0
19475,163.0
19476,177.0
19477,156.0
19478,500.0
19479,500.0
19480,500.0
19481,500.0
19482,500.0
19483,500.0
19484,500.0
19485,500.0
19486,500.0
19487,500.0
19488,500.0
19489,500.0
19490,500.0
19491,500.0
19492,500.0
19493,213.0
19494,500.0
19495,209.0
19496,209.0
19497,500.0
19498,500.0
19499,500.0
19500,500.0
19501,241.0
19502,500.0
19503,500.0
19504,500.0
19505,500.0
19506,221.0
19507,139.0
19508,151.0
19509,199.0
19510,191.0
19511,176.0
19512,213.0
19513,209.0
19514,202.0
19515,500.0
19516,500.0
19517,500.0
19518,500.0
19519,500.0
19520,500.0
19521,500.0
19522,500.0
19523,500.0
19524,500.0
19525,160.0
19526,169.0
19527,177.0
19528,184.0
19529,500.0
19530,500.0
19531,500.0
19532,500.0
19533,500.0
19534,500.0
19535,500.0
19536,500.0
19537,238.0
19538,500.0
19539,500.0
19540,500.0
19541,500.0
19542,500.0
19543,500.0
19544,500.0
19545,500.0
19546,205.0
19547,500.0
19548,500.0
19549,500.0
19550,500.0
19551,500.0
19552,500.0
19553,500.0
19554,500.0
19555,500.0
19556,198.0
19557,500.0
19558,500.0
19559,500.0
19560,500.0
19561,500.0
19562,500.0
19563,500.0
19564,433.0
19565,131.0
19566,133.0
19567,149.0
19568,135.0
19569,141.0
19570,137.0
19571,136.0
19572,189.0
19573,140.0
19574,166.0
19575,147.0
19576,125.0
19577,201.0
19578,300.0
19579,415.0
19580,133.0
19581,140.0
19582,207.0
19583,500.0
19584,172.0
19585,420.0
19586,179.0
19587,500.0
19588,500.0
19589,500.0
19590,500.0
19591,500.0
19592,500.0
19593,500.0
19594,500.0
19595,500.0
19596,500.0
19597,236.0
19598,500.0
19599,500.0
19600,500.0
19601,500.0
19602,500.0
19603,500.0
19604,500.0
19605,500.0
19606,500.0
19607,500.0
19608,500.0
19609,500.0
19610,500.0
19611,500.0
19612,500.0
19613,500.0
19614,500.0
19615,500.0
19616,500.0
19617,167.0
19618,500.0
19619,500.0
19620,500.0
19621,500.0
19622,500.0
19623,500.0
19624,500.0
19625,500.0
19626,500.0
19627,500.0
19628,500.0
19629,500.0
19630,500.0
19631,500.0
19632,500.0
19633,500.0
19634,500.0
19635,500.0
19636,500.0
19637,500.0
19638,500.0
19639,500.0
19640,500.0
19641,143.0
19642,500.0
19643,175.0
19644,171.0
19645,286.0
19646,500.0
19647,500.0
19648,500.0
19649,500.0
19650,500.0
19651,217.0
19652,500.0
19653,500.0
19654,500.0
19655,500.0
19656,500.0
19657,500.0
19658,500.0
19659,162.0
19660,159.0
19661,156.0
19662,500.0
19663,500.0
19664,500.0
19665,500.0
19666,500.0
19667,183.0
19668,500.0
19669,500.0
19670,500.0
19671,500.0
19672,500.0
19673,500.0
19674,500.0
19675,500.0
19676,500.0
19677,500.0
19678,500.0
19679,500.0
19680,500.0
19681,500.0
19682,242.0
19683,220.0
19684,261.0
19685,500.0
19686,500.0
19687,500.0
19688,216.0
19689,500.0
19690,500.0
19691,500.0
19692,500.0
19693,500.0
19694,500.0
19695,500.0
19696,500.0
19697,500.0
19698,500.0
19699,500.0
19700,500.0
19701,500.0
19702,500.0
19703,500.0
19704,500.0
19705,500.0
19706,500.0
19707,500.0
19708,210.0
19709,500.0
19710,500.0
19711,500.0
19712,201.0
19713,467.0
19714,181.0
19715,156.0
19716,157.0
19717,162.0
19718,206.0
19719,215.0
19720,356.0
19721,425.0
19722,500.0
19723,192.0
19724,179.0
19725,86.0
19726,39.0
19727,47.0
19728,500.0
19729,500.0
19730,281.0
19731,347.0
19732,237.0
19733,232.0
19734,242.0
19735,500.0
19736,500.0
19737,278.0
19738,261.0
19739,153.0
19740,151.0
19741,159.0
19742,500.0
19743,207.0
19744,500.0
19745,500.0
19746,500.0
19747,500.0
19748,232.0
19749,172.0
19750,500.0
19751,500.0
19752,500.0
19753,500.0
19754,500.0
19755,500.0
19756,500.0
19757,500.0
19758,500.0
19759,390.0
19760,500.0
19761,500.0
19762,500.0
19763,500.0
19764,500.0
19765,500.0
19766,500.0
19767,500.0
19768,500.0
19769,500.0
19770,500.0
19771,500.0
19772,500.0
19773,500.0
19774,500.0
19775,500.0
19776,500.0
19777,500.0
19778,500.0
19779,500.0
19780,374.0
19781,133.0
19782,119.0
19783,122.0
19784,114.0
19785,138.0
19786,121.0
19787,116.0
19788,127.0
19789,125.0
19790,119.0
19791,124.0
19792,122.0
19793,125.0
19794,135.0
19795,132.0
19796,138.0
19797,137.0
19798,500.0
19799,174.0
19800,500.0
19801,500.0
19802,500.0
19803,500.0
19804,500.0
19805,500.0
19806,500.0
19807,500.0
19808,500.0
19809,500.0
19810,500.0
19811,500.0
19812,500.0
19813,500.0
19814,500.0
19815,500.0
19816,500.0
19817,500.0
19818,500.0
19819,500.0
19820,500.0
19821,500.0
19822,500.0
19823,500.0
19824,500.0
19825,500.0
19826,500.0
19827,500.0
19828,500.0
19829,500.0
19830,500.0
19831,500.0
19832,500.0
19833,500.0
19834,500.0
19835,500.0
19836,500.0
19837,500.0
19838,500.0
19839,500.0
19840,500.0
19841,500.0
19842,500.0
19843,500.0
19844,500.0
19845,500.0
19846,500.0
19847,500.0
19848,115.0
19849,500.0
19850,500.0
19851,500.0
19852,114.0
19853,500.0
19854,119.0
19855,500.0
19856,500.0
19857,500.0
19858,500.0
19859,500.0
19860,500.0
19861,500.0
19862,500.0
19863,500.0
19864,500.0
19865,500.0
19866,500.0
19867,500.0
19868,500.0
19869,500.0
19870,500.0
19871,500.0
19872,500.0
19873,500.0
19874,500.0
19875,500.0
19876,500.0
19877,500.0
19878,500.0
19879,500.0
19880,500.0
19881,500.0
19882,500.0
19883,143.0
19884,500.0
19885,500.0
19886,500.0
19887,500.0
19888,500.0
19889,500.0
19890,500.0
19891,500.0
19892,500.0
19893,500.0
19894,105.0
19895,154.0
19896,500.0
19897,500.0
19898,500.0
19899,500.0
19900,500.0
19901,500.0
19902,500.0
19903,500.0
19904,500.0
19905,500.0
19906,500.0
19907,500.0
19908,500.0
19909,500.0
19910,500.0
19911,500.0
19912,500.0
19913,500.0
19914,500.0
19915,500.0
19916,500.0
19917,500.0
19918,500.0
19919,500.0
19920,500.0
19921,500.0
19922,500.0
19923,500.0
19924,500.0
19925,500.0
19926,500.0
19927,500.0
19928,500.0
19929,500.0
19930,500.0
19931,500.0
19932,500.0
19933,500.0
